TRXN_MONTH,TRXN_DT,TRXN_AMT,MERCHT_NAME,CATG
Mar-19,01/03/2019,61.2,VIRGIN ACTIVE,Entertainment
Mar-19,04/03/2019,1.31,LOON FUNG LIMITED,Glossary
Mar-19,04/03/2019,16.89,LOON FUNG LIMITED,Glossary
Mar-19,04/03/2019,20,LNK CAPITAL ONE,Other
Mar-19,05/03/2019,2.85,SAINSBURY'S SPRMRKTS LT NOTTINGHAM,Glossary
Mar-19,06/03/2019,6.49,TESCO STORE 5660 5660TE WELWYN GARDEN C,Glossary
Mar-19,07/03/2019,35.4,SHANGHAI SHANGHAI SHANG NOTTINGHAM,Eating Out
Mar-19,07/03/2019,20,LNK CAPITAL ONE,Other
Mar-19,08/03/2019,43.55,NOTTINGHAM STATION NOTTINGHAM,Transport
Mar-19,08/03/2019,18.95,SHAKE SHACK LONDON,Eating Out
Mar-19,08/03/2019,20,LNK CAPITAL ONE,Other
Mar-19,09/03/2019,-8,IKEA GREENWICH HFB RETU LONDON,Furniture
Mar-19,09/03/2019,9.5,IKEA LTD GREENWICH LONDON,Furniture
Mar-19,09/03/2019,212.95,IKEA LTD GREENWICH LONDON,Furniture
Mar-19,09/03/2019,20.85,PRET A MANGER LONDON,Eating Out
Mar-19,09/03/2019,24.55,SAINSBURYS SUPERMARKET LONDON,Glossary
Mar-19,09/03/2019,20,STRATFORD SELF SERVICE LONDON,Transport
Mar-19,09/03/2019,30,STRATFORD SELF SERVICE LONDON,Transport
Mar-19,10/03/2019,38.75,MARKS & SPENCER - STRAT LONDON,Glossary
Mar-19,10/03/2019,9.64,PRET A MANGER LONDON,Eating Out
Mar-19,11/03/2019,9.79,TESCO STORE 5660 5660TE NOTTINGHAM,Glossary
Mar-19,11/03/2019,2.25,LOON FUNG LIMITED,Glossary
Mar-19,11/03/2019,28.47,LOON FUNG LIMITED,Glossary
Mar-19,11/03/2019,21,H3G,Utility Bill
Mar-19,12/03/2019,3.29,TESCO STORE 5660 5660TE NOTTINGHAM,Glossary
Mar-19,13/03/2019,492,Klarna * &Other Stories LONDON,Shopping
Mar-19,13/03/2019,45.2,SHANGHAI SHANGHAI SHANG NOTTINGHAM,Business Expense
Mar-19,13/03/2019,4.8,TFL TRAVEL CHARGE TFL.GOV.UK/CP,Transport
Mar-19,14/03/2019,2.81,SAINSBURY'S SPRMRKTS LT NOTTINGHAM,Glossary
Mar-19,14/03/2019,1.89,TESCO STORE 5660 5660TE NOTTINGHAM,Glossary
Mar-19,15/03/2019,22.36,AMZN MKTP UK*MW3I786T4 800-279-6620,Glossary
Mar-19,15/03/2019,4.25,SAINSBURY'S SUPERMARKET LONDON,Glossary
Mar-19,15/03/2019,20,LNK CAPITAL ONE,Other
Mar-19,16/03/2019,1035.55,IKEA UK IKEA,Furniture
Mar-19,16/03/2019,74.91,JOHN LEWIS AT HOME LONDON,Furniture
Mar-19,16/03/2019,15.6,PRET A MANGER LONDON,Eating Out
Mar-19,16/03/2019,14.25,WILKINSON STRATFORD STRATFORD,Glossary
Mar-19,17/03/2019,11.03,PRET A MANGER LONDON,Eating Out
Mar-19,17/03/2019,16.9,REAL BEIJING RESTAURAN LONDON,Eating Out
Mar-19,17/03/2019,12.2,SAINSBURYS SUPERMARKET LONDON,Glossary
Mar-19,18/03/2019,10.3,MARKS & SPENCER - NOTTI NOTTINGHAM,Glossary
Mar-19,18/03/2019,0.99,TESCO STORE 5660 5660TE NOTTINGHAM,Glossary
Mar-19,18/03/2019,42.4,TRAINLINE Trainline LONDON,Transport
Mar-19,18/03/2019,38,MR C ZHOU,Eating Out
Mar-19,18/03/2019,13.13,LOON FUNG LIMITED,Glossary
Mar-19,18/03/2019,35.6,T4,Eating Out
Mar-19,18/03/2019,43.55,EAST MIDLANDS TRAI,Transport
Mar-19,18/03/2019,43.74,VIRGIN MEDIA PYMTS,Utility Bill
Mar-19,18/03/2019,30,LNK 400340GERRARD,Other
Mar-19,19/03/2019,12.29,MARKS & SPENCER - NOTTI NOTTINGHAM,Glossary
Mar-19,20/03/2019,32.98,AMZN MKTP UK*MW9WT1UT4 800-279-6620,Glossary
Mar-19,20/03/2019,38.4,SHANGHAI SHANGHAI SHANG NOTTINGHAM,Business Expense
Mar-19,20/03/2019,20,LNK CAPITAL ONE,Eating Out
Mar-19,21/03/2019,1.89,TESCO STORE 5660 5660TE NOTTINGHAM,Glossary
Mar-19,22/03/2019,5.7,TFL TRAVEL CHARGE TFL.GOV.UK/CP,Transport
Mar-19,22/03/2019,2.9,TFL TRAVEL CHARGE TFL.GOV.UK/CP,Transport
Mar-19,22/03/2019,0.65,WAITROSE STRATFORD LONDON,Glossary
Mar-19,23/03/2019,28.5,IKEA WESTFIELD OCP (MAN LONDON,Furniture
Mar-19,23/03/2019,11.85,SAINSBURYS SUPERMARKET LONDON,Glossary
Mar-19,23/03/2019,100.1,STRATFORD WESTFIELD WESTFIELD SHOPP,Shopping
Mar-19,24/03/2019,13.34,SAINSBURYS SUPERMARKET LONDON,Glossary
Mar-19,24/03/2019,3.5,WILKINSON STRATFORD STRATFORD,Glossary
Mar-19,24/03/2019,10.25,WILKINSON STRATFORD STRATFORD,Glossary
Mar-19,25/03/2019,8.78,PRET A MANGER-CITY ROAD LONDON,Eating Out
Mar-19,25/03/2019,3,SAINSBURYS SUPERMARKET LONDON,Glossary
Mar-19,25/03/2019,1.3,SAINSBURYS SUPERMARKET LONDON,Glossary
Mar-19,25/03/2019,2.9,TFL TRAVEL CHARGE TFL.GOV.UK/CP,Transport
Mar-19,25/03/2019,2.9,TFL TRAVEL CHARGE TFL.GOV.UK/CP,Transport
Mar-19,25/03/2019,7.79,www.steampowered.com Seattle,Shopping
Mar-19,25/03/2019,15.77,LOON FUNG LIMITED,Glossary
Mar-19,25/03/2019,750,LIBERTY GATE,Rent
Mar-19,25/03/2019,94,JINLEI ZHONG,Shopping
Mar-19,26/03/2019,5.7,TFL TRAVEL CHARGE TFL.GOV.UK/CP,Transport
Mar-19,26/03/2019,7.45,LOON FUNG LIMITED,Glossary
Mar-19,27/03/2019,4.99,ITUNES.COM/BILL HOLLYHILL,Shopping
Mar-19,28/03/2019,-165,KLARNA UK RETAIL (GBP2G LONDON,Shopping
Mar-19,28/03/2019,5.7,TFL TRAVEL CHARGE TFL.GOV.UK/CP,Transport
Mar-19,28/03/2019,20,LNK CAPITAL ONE,Eating Out
Mar-19,29/03/2019,5.8,TFL TRAVEL CHARGE TFL.GOV.UK/CP,Transport
Mar-19,31/03/2019,677,MADE-UK-GBP-AMEX LONDON,Furniture
Mar-19,31/03/2019,21,SELFRIDGES RETAIL LONDON,Shopping
Mar-19,31/03/2019,25.8,UNIQLO LONDON,Shopping
Apr-19,01/04/2019,0.75,CO-OP - ST PAULS LONDON,Glossary
Apr-19,01/04/2019,67.5,HARRODS LIMITED LONDON,Shopping
Apr-19,01/04/2019,35.5,HARRODS LIMITED LONDON,Shopping
Apr-19,01/04/2019,50.4,HARRODS LIMITED LONDON,Shopping
Apr-19,01/04/2019,8.41,SAINSBURYS SUPERMARKET LONDON,Glossary
Apr-19,01/04/2019,8,TFL TRAVEL CHARGE TFL.GOV.UK/CP,Transport
Apr-19,01/04/2019,9.86,LOON FUNG LIMITED,Glossary
Apr-19,02/04/2019,3.95,PRET A MANGER LONDON,Eating Out
Apr-19,02/04/2019,20,SE STRATFORD INT. STATI STRATFORD,Other
Apr-19,02/04/2019,10.92,LOON FUNG LIMITED,Glossary
Apr-19,05/04/2019,9.29,PRET A MANGER-CITY ROAD LONDON,Eating Out
Apr-19,05/04/2019,50,LNK 400304MOORGATE,Other
Apr-19,06/04/2019,128,HARRODS LIMITED LONDON,Shopping
Apr-19,06/04/2019,30,LUL TICKET MACHINE-STRA LONDON,Transport
Apr-19,06/04/2019,30,LUL TICKET MACHINE-STRA LONDON,Transport
Apr-19,07/04/2019,44,BOOTS THE CHEMIST LONDON,Shopping
Apr-19,07/04/2019,53,MAC LONDON,Shopping
Apr-19,07/04/2019,12.59,SAINSBURYS SUPERMARKET LONDON,Glossary
Apr-19,08/04/2019,7.95,WASABI FINSBURY PAVEMEN LONDON,Eating Out
Apr-19,08/04/2019,145.77,SEVERN TRENT WATER,Utility Bill
Apr-19,08/04/2019,96,LONDON AQUATICS CE,Entertainment
Apr-19,08/04/2019,18.07,LOON FUNG LIMITED,Glossary
Apr-19,08/04/2019,13.1,T4,Eating Out
Apr-19,08/04/2019,8.62,SEVERN TRENT WATER,Utility Bill
Apr-19,08/04/2019,7.13,LOON FUNG LIMITED,Glossary
Apr-19,08/04/2019,23.28,H3G,Utility Bill
Apr-19,09/04/2019,1.1,SAINSBURY'S SPRMRKTS LT NOTTINGHAM,Glossary
Apr-19,09/04/2019,2.75,LOON FUNG LIMITED,Glossary
Apr-19,12/04/2019,4,WILKINSON STRATFORD STRATFORD,Glossary
Apr-19,12/04/2019,10,TRAMLINK NOTTINGHA,Transport
Apr-19,12/04/2019,63.2,CAPITAL ONE BANK,Eating Out
Apr-19,13/04/2019,17.5,MARKS & SPENCER - STRAT LONDON,Glossary
Apr-19,13/04/2019,18.07,UBER BV HELP.UBER.COM,Transport
Apr-19,13/04/2019,10,WAITROSE STRATFORD LONDON,Glossary
Apr-19,14/04/2019,11.47,PRET A MANGER LONDON,Eating Out
Apr-19,15/04/2019,2.9,TFL TRAVEL CHARGE TFL.GOV.UK/CP,Transport
Apr-19,15/04/2019,10.69,LOON FUNG LIMITED,Glossary
Apr-19,15/04/2019,7.9,THE SICHUAN,Eating Out
Apr-19,15/04/2019,530,Made,Furniture
Apr-19,16/04/2019,25.1,SHANGHAI SHANGHAI SHANG NOTTINGHAM,Business Expense
Apr-19,16/04/2019,3.2,STARBUCKS TESCO LONDON,Glossary
Apr-19,16/04/2019,5.7,TFL TRAVEL CHARGE TFL.GOV.UK/CP,Transport
Apr-19,16/04/2019,8.65,WAITROSE CONVENIENCE NOTTINGHAM,Glossary
Apr-19,16/04/2019,79.07,LONDON BOROUGH OF,Utility Bill
Apr-19,16/04/2019,7.9,THE SICHUAN,Eating Out
Apr-19,16/04/2019,20,LNK CAPITAL ONE,Eating Out
Apr-19,17/04/2019,19.44,VIRGIN MEDIA PYMTS,Entertainment
Apr-19,18/04/2019,200.48,3CPAYMENT*HILTON NOTTIN NOTTINGHAM,Business Expense
Apr-19,18/04/2019,43.2,HARRODS LIMITED LONDON,Shopping
Apr-19,18/04/2019,76.05,ROYAL DRAGON LONDON,Eating Out
Apr-19,18/04/2019,1.95,SELFRIDGES RETAIL LONDON,Shopping
Apr-19,18/04/2019,15.55,SELFRIDGES RETAIL LONDON,Shopping
Apr-19,18/04/2019,28,SELFRIDGES RETAIL LONDON,Shopping
Apr-19,18/04/2019,4.8,TFL TRAVEL CHARGE TFL.GOV.UK/CP,Transport
Apr-19,18/04/2019,2,WILKINSON NOTTINGHAM NOTTINGHAM,Glossary
Apr-19,18/04/2019,42.9,MANS RESTAURANT,Business Expense
Apr-19,18/04/2019,144,CLEAN NOTTS LTD,Rent
Apr-19,19/04/2019,186.15,IKEA LTD GREENWICH LONDON,Furniture
Apr-19,19/04/2019,10.2,SAINSBURYS SUPERMARKET LONDON,Glossary
Apr-19,19/04/2019,30,STRATFORD SELF SERVICE LONDON,Transport
Apr-19,19/04/2019,3,TFL TRAVEL CHARGE TFL.GOV.UK/CP,Transport
Apr-19,20/04/2019,10.45,HARRODS LIMITED LONDON,Shopping
Apr-19,20/04/2019,38.99,LONDON GRAPHIC CENTRE LONDON,Shopping
Apr-19,20/04/2019,10,O-MATCHA LTD. London,Eating Out
Apr-19,20/04/2019,30,STRATFORD SELF SERVICE LONDON,Transport
Apr-19,20/04/2019,40.5,T2 TEA LONDON,Eating Out
Apr-19,22/04/2019,129,DWELL LONDON,Furniture
Apr-19,22/04/2019,6.06,LIDL LON STRATFORD 1558 LONDON,Glossary
Apr-19,22/04/2019,5.24,PRET A MANGER LONDON,Eating Out
Apr-19,22/04/2019,10.2,SAINSBURYS SUPERMARKET LONDON,Glossary
Apr-19,23/04/2019,33.4,SHANGHAI SHANGHAI SHANG NOTTINGHAM,Business Expense
Apr-19,23/04/2019,3.2,STARBUCKS TESCO LONDON,Glossary
Apr-19,23/04/2019,4.88,WAITROSE CONVENIENCE NOTTINGHAM,Business Expense
Apr-19,23/04/2019,2.27,LOON FUNG LIMITED,Glossary
Apr-19,23/04/2019,12.09,KFC - STRATFORD,Eating Out
Apr-19,23/04/2019,12.57,LOON FUNG LIMITED,Glossary
Apr-19,23/04/2019,6.5,CHINESE TAPAS,Eating Out
Apr-19,23/04/2019,6.5,CHINESE TAPAS,Eating Out
Apr-19,23/04/2019,9.94,LOON FUNG LIMITED,Glossary
Apr-19,23/04/2019,27,MR X CHEN,Eating Out
Apr-19,23/04/2019,190,JINLEI ZHONG,Shopping
Apr-19,24/04/2019,3.25,SAINSBURYS SUPERMARKET LONDON,Glossary
Apr-19,24/04/2019,4.05,WAITROSE CONVENIENCE NOTTINGHAM,Business Expense
Apr-19,25/04/2019,162.8,3CPAYMENT*HILTON NOTTIN NOTTINGHAM,Business Expense
Apr-19,25/04/2019,23.8,HOCKLEY FOOD LTD T,Business Expense
Apr-19,26/04/2019,-75,HILTON NOTTINGHAM HOTEL,Business Expense
Apr-19,27/04/2019,16.7,SAINSBURYS SUPERMARKET LONDON,Glossary
Apr-19,27/04/2019,1.4,SAINSBURYS SUPERMARKET LONDON,Glossary
Apr-19,28/04/2019,82.45,DEBENHAMS.COM SOUTHAMPTON,Shopping
Apr-19,28/04/2019,11,SAINSBURYS SUPERMARKET LONDON,Glossary
Apr-19,29/04/2019,30,LUL TICKET MACHINE-STRA LONDON,Transport
Apr-19,29/04/2019,6.49,PRET A MANGER-CITY ROAD LONDON,Eating Out
Apr-19,29/04/2019,7.01,SAINSBURYS SUPERMARKET LONDON,Glossary
Apr-19,29/04/2019,2.9,TFL TRAVEL CHARGE TFL.GOV.UK/CP,Transport
Apr-19,29/04/2019,35.28,LOON FUNG LIMITED,Glossary
Apr-19,29/04/2019,9.31,LOON FUNG LIMITED,Glossary
Apr-19,29/04/2019,18.8,T4,Eating Out
Apr-19,29/04/2019,69.84,LONDON BOROUGH OF,Utility Bill
Apr-19,29/04/2019,50,INSITE ENERGY V/T,Utility Bill
Apr-19,30/04/2019,207.4,DEBENHAMS.COM SOUTHAMPTON,Shopping
Apr-19,30/04/2019,34.4,SHANGHAI SHANGHAI SHANG NOTTINGHAM,Business Expense
Apr-19,30/04/2019,3.2,STARBUCKS TESCO LONDON,Glossary
Apr-19,30/04/2019,5.75,WAITROSE CONVENIENCE NOTTINGHAM,Business Expense
May-19,01/05/2019,20,CINEWORLD CINEMAS ECOM LONDON,Entertainment
May-19,01/05/2019,1.99,ITUNES.COM/BILL HOLLYHILL,Shopping
May-19,01/05/2019,77.36,E.ON ENERGY SOLUTI,Utility Bill
May-19,02/05/2019,196.4,3CPAYMENT*HILTON NOTTIN NOTTINGHAM,Business Expense
May-19,02/05/2019,7.4,SAINSBURYS SUPERMARKET LONDON,Glossary
May-19,02/05/2019,2.9,TFL TRAVEL CHARGE TFL.GOV.UK/CP,Transport
May-19,02/05/2019,22.8,HOCKLEY FOOD LTD T,Business Expense
May-19,02/05/2019,20,LNK CAPITAL ONE,Eating Out
May-19,03/05/2019,3.5,IZ *ROSSLYN COFFEE LONDON,Eating Out
May-19,03/05/2019,2.99,RITUAL-GRABTHAI (LEONA LONDON,Shopping
May-19,03/05/2019,5.55,SAINSBURYS SUPERMARKET LONDON,Glossary
May-19,03/05/2019,2.25,LOON FUNG LIMITED,Glossary
May-19,04/05/2019,34.5,GOLDEN DRAGON LONDON,Eating Out
May-19,04/05/2019,13,HARVEY NICHOLS KNIGHTSB UNKNOWN,Shopping
May-19,04/05/2019,67.98,MANGO REGENT ST LONDON,Shopping
May-19,04/05/2019,11.7,NESPRESSO UK REGENT ST LONDON,Shopping
May-19,04/05/2019,10.8,NEW LOON MOON LTD LONDON,Glossary
May-19,04/05/2019,27.76,RYOHIN KEIKAKU EUROPE L LONDON,Shopping
May-19,04/05/2019,8.7,SAINSBURYS SUPERMARKET LONDON,Glossary
May-19,04/05/2019,110.3,UNIQLO LONDON,Shopping
May-19,05/05/2019,79.8,IKEA LTD GREENWICH LONDON,Furniture
May-19,05/05/2019,30,LUL TICKET MACHINE-STRA LONDON,Transport
May-19,06/05/2019,9.8,SAINSBURYS SUPERMARKET LONDON,Glossary
May-19,07/05/2019,38.4,SHANGHAI SHANGHAI SHANG NOTTINGHAM,Business Expense
May-19,07/05/2019,3.2,STARBUCKS TESCO LONDON,Glossary
May-19,07/05/2019,7.34,WAITROSE CONVENIENCE NOTTINGHAM,Business Expense
May-19,07/05/2019,3.03,LOON FUNG LIMITED,Glossary
May-19,07/05/2019,26,CHINESE TAPAS,Eating Out
May-19,07/05/2019,6.2,MONMOUTH COFFEE,Eating Out
May-19,07/05/2019,20,MR X CHEN,Eating Out
May-19,08/05/2019,13.9,NANDO'S NOTTINGHAM CORN NOTTINGHAM,Business Expense
May-19,08/05/2019,23.71,H3G,Utility Bill
May-19,09/05/2019,170.88,3CPAYMENT*HILTON NOTTIN NOTTINGHAM,Business Expense
May-19,09/05/2019,5.65,WASABI LIME STREET LONDON,Eating Out
May-19,10/05/2019,26.98,BOOTS THE CHEMIST LONDON,Shopping
May-19,10/05/2019,5.09,FRESH & WILD LONDON,Eating Out
May-19,10/05/2019,25,HAIDILAO PICCADILLY HAI LONDON,Eating Out
May-19,10/05/2019,74.85,HARVEY NICHOLS KNIGHTSB UNKNOWN,Shopping
May-19,10/05/2019,83.23,HOLLAND & BARRETT STRAT LONDON,Shopping
May-19,10/05/2019,7.39,PRET A MANGER-CITY ROAD LONDON,Eating Out
May-19,11/05/2019,25.98,HOLLAND & BARRETT STRAT LONDON,Shopping
May-19,11/05/2019,9,MARKS & SPENCER - STRAT LONDON,Glossary
May-19,11/05/2019,1.85,WAITROSE STRATFORD LONDON,Glossary
May-19,12/05/2019,20,GATWICK EXPRESS GATWICK LONDON,Transport
May-19,12/05/2019,20,GATWICK EXPRESS GATWICK LONDON,Transport
May-19,12/05/2019,50,LGW NORTH WDF MAIN GATW NORTH TERMINAL,Shopping
May-19,12/05/2019,50,LGW NORTH WDF MAIN GATW NORTH TERMINAL,Shopping
May-19,12/05/2019,50,LGW NORTH WDF MAIN GATW NORTH TERMINAL,Shopping
May-19,12/05/2019,50,LGW NORTH WDF MAIN GATW NORTH TERMINAL,Shopping
May-19,12/05/2019,50,LGW NORTH WDF MAIN GATW NORTH TERMINAL,Shopping
May-19,12/05/2019,19,NICHOLAS CULPEPER CRAWLEY,Eating Out
May-19,12/05/2019,3.34,PRET A MANGER GATWICK GATWICK,Eating Out
May-19,12/05/2019,10.4,SAINSBURYS SUPERMARKET LONDON,Glossary
May-19,12/05/2019,19.8,TFL TRAVEL CHARGE TFL.GOV.UK/CP,Transport
May-19,13/05/2019,9.04,PRET A MANGER-CITY ROAD LONDON,Eating Out
May-19,13/05/2019,5.48,LOON FUNG LIMITED,Glossary
May-19,14/05/2019,17.6,SHANGHAI SHANGHAI SHANG NOTTINGHAM,Business Expense
May-19,14/05/2019,3.2,STARBUCKS TESCO LONDON,Eating Out
May-19,14/05/2019,9.13,WAITROSE CONVENIENCE NOTTINGHAM,Business Expense
May-19,16/05/2019,235.04,3CPAYMENT*HILTON NOTTIN NOTTINGHAM,Business Expense
May-19,16/05/2019,5.7,TFL TRAVEL CHARGE TFL.GOV.UK/CP,Transport
May-19,16/05/2019,18.4,SARANGCHAE,Business Expense
May-19,18/05/2019,15.85,SAINSBURYS SUPERMARKET LONDON,Glossary
May-19,19/05/2019,8.35,SAINSBURYS SUPERMARKET LONDON,Glossary
May-19,19/05/2019,30,STRATFORD SELF SERVICE LONDON,Transport
May-19,20/05/2019,8.74,PRET A MANGER-CITY ROAD LONDON,Eating Out
May-19,20/05/2019,63,LONDON AQUATICS CE,Entertainment
May-19,20/05/2019,8.89,LOON FUNG LIMITED,Glossary
May-19,20/05/2019,47.24,LOON FUNG LIMITED,Glossary
May-19,20/05/2019,30,LNK 400340GERRARD,Other
May-19,21/05/2019,3.2,STARBUCKS TESCO LONDON,Eating Out
May-19,21/05/2019,5.59,WAITROSE CONVENIENCE NOTTINGHAM,Business Expense
May-19,22/05/2019,21.8,HOCKLEY FOOD LTD T,Business Expense
May-19,23/05/2019,199.68,3CPAYMENT*HILTON NOTTIN NOTTINGHAM,Business Expense
May-19,23/05/2019,50.2,SHANGHAI SHANGHAI,Business Expense
May-19,24/05/2019,22.2,MARKS & SPENCER - STRAT LONDON,Glossary
May-19,24/05/2019,6.45,SAINSBURYS SUPERMARKET LONDON,Glossary
May-19,25/05/2019,24.05,UBER BV HELP.UBER.COM,Transport
May-19,25/05/2019,16.98,UBER BV HELP.UBER.COM,Transport
May-19,26/05/2019,15.7,SAINSBURYS SUPERMARKET LONDON,Glossary
May-19,28/05/2019,31.9,SHANGHAI SHANGHAI SHANG NOTTINGHAM,Business Expense
May-19,28/05/2019,4,TFL TRAVEL CHARGE TFL.GOV.UK/CP,Transport
May-19,28/05/2019,4.25,WAITROSE CONVENIENCE NOTTINGHAM,Glossary
May-19,28/05/2019,19.77,LOON FUNG LIMITED,Glossary
May-19,28/05/2019,11.43,LOON FUNG LIMITED,Glossary
May-19,28/05/2019,20,LNK CAPITAL ONE,Eating Out
May-19,29/05/2019,20.5,MANS RESTAURANT MANS RE NOTTINGHAM,Business Expense
May-19,30/05/2019,190.88,3CPAYMENT*HILTON NOTTIN NOTTINGHAM,Business Expense
May-19,30/05/2019,4,TFL TRAVEL CHARGE TFL.GOV.UK/CP,Transport
May-19,31/05/2019,14.42,PRET A MANGER LONDON,Eating Out
Jun-19,01/06/2019,30,LUL TICKET MACHINE-STRA LONDON,Transport
Jun-19,01/06/2019,12.1,SAINSBURYS SUPERMARKET LONDON,Glossary
Jun-19,02/06/2019,282,BALLY UK SALES LTD. BAL LONDON,Shopping
Jun-19,02/06/2019,1.09,BOOTS THE CHEMIST GATWICK AIRPORT,Glossary
Jun-19,02/06/2019,20,GATWICK EXPRESS GATWICK LONDON,Transport
Jun-19,02/06/2019,295,GUCCI LONDON,Shopping
Jun-19,02/06/2019,88.2,HARRODS LIMITED LONDON,Shopping
Jun-19,02/06/2019,4.7,PRET A MANGER LONDON,Eating Out
Jun-19,02/06/2019,11.56,SAINSBURYS SUPERMARKET LONDON,Glossary
Jun-19,03/06/2019,26.57,LOON FUNG LIMITED,Glossary
Jun-19,03/06/2019,5.39,LOON FUNG LIMITED,Glossary
Jun-19,03/06/2019,40,LNK EUROCHANGE CHA,Cash Out
Jun-19,04/06/2019,20.5,MANS RESTAURANT MANS RE NOTTINGHAM,Business Expense
Jun-19,04/06/2019,5.23,SAINSBURYS SUPERMARKET LONDON,Glossary
Jun-19,04/06/2019,3.2,STARBUCKS TESCO LONDON,Eating Out
Jun-19,04/06/2019,5.7,TFL TRAVEL CHARGE TFL.GOV.UK/CP,Transport
Jun-19,04/06/2019,7.09,WAITROSE CONVENIENCE NOTTINGHAM,Business Expense
Jun-19,04/06/2019,7.9,THE SICHUAN,Eating Out
Jun-19,04/06/2019,81.67,NCC INTERNET,Utility Bill
Jun-19,05/06/2019,0.85,TESCO STORE 5957 5957TE NOTTINGHAM,Business Expense
Jun-19,05/06/2019,34,MANS RESTAURANT MANS RE NOTTINGHAM,Business Expense
Jun-19,05/06/2019,3.5,WAITROSE CONVENIENCE NOTTINGHAM,Business Expense
Jun-19,06/06/2019,235.04,3CPAYMENT*HILTON NOTTIN NOTTINGHAM,Business Expense
Jun-19,06/06/2019,5.7,TFL TRAVEL CHARGE TFL.GOV.UK/CP,Transport
Jun-19,07/06/2019,260,JINLEI ZHONG,Shopping
Jun-19,07/06/2019,21.53,H3G,Utility Bill
Jun-19,07/06/2019,30,LUL TICKET MACHINE-OLD LONDON,Transport
Jun-19,07/06/2019,50,LUL TICKET MACHINE-STRA LONDON,Transport
Jun-19,07/06/2019,8.98,PRET A MANGER-CITY ROAD LONDON,Eating Out
Jun-19,07/06/2019,4.79,PRET A MANGER-GRESHAM S LONDON,Eating Out
Jun-19,07/06/2019,2.25,PRET A MANGER-GRESHAM S LONDON,Eating Out
Jun-19,07/06/2019,2.9,TFL TRAVEL CHARGE TFL.GOV.UK/CP,Transport
Jun-19,08/06/2019,8.55,SAINSBURYS SUPERMARKET LONDON,Glossary
Jun-19,08/06/2019,0.87,SAINSBURYS SUPERMARKET LONDON,Glossary
Jun-19,08/06/2019,11,WILKINSON STRATFORD STRATFORD,Glossary
Jun-19,09/06/2019,36.7,LOTUS GARDEN LONDON,Eating Out
Jun-19,09/06/2019,7.8,OMOTESANDO KOFFEE London,Eating Out
Jun-19,09/06/2019,33.8,RYOHIN KEIKAKU EUROPE L LONDON,Shopping
Jun-19,09/06/2019,100.2,UNIQLO LONDON,Shopping
Jun-19,10/06/2019,10,SAINSBURY'S S/MKT,Glossary
Jun-19,10/06/2019,15.09,LOON FUNG LIMITED,Glossary
Jun-19,10/06/2019,186,JURYS INN NOTTINGHAM FR NOTTINGHAM,Business Expense
Jun-19,10/06/2019,18.8,MANS RESTAURANT MANS RE NOTTINGHAM,Business Expense
Jun-19,10/06/2019,3.2,STARBUCKS TESCO LONDON,Business Expense
Jun-19,10/06/2019,6.2,TESCO STORE 5660 5660TE NOTTINGHAM,Business Expense
Jun-19,10/06/2019,5.7,TFL TRAVEL CHARGE TFL.GOV.UK/CP,Transport
Jun-19,11/06/2019,139.68,LONDON BOROUGH OF,Utility Bill
Jun-19,11/06/2019,34.5,MANS RESTAURANT MANS RE NOTTINGHAM,Business Expense
Jun-19,11/06/2019,2.9,TFL TRAVEL CHARGE TFL.GOV.UK/CP,Transport
Jun-19,12/06/2019,4.61,CAPITAL ONE,Eating Out
Jun-19,12/06/2019,8.85,MARKS & SPENCER - STRAT LONDON,Glossary
Jun-19,12/06/2019,5.8,TFL TRAVEL CHARGE TFL.GOV.UK/CP,Transport
Jun-19,12/06/2019,6.45,THE JAPANESE CANTEEN LONDON,Eating Out
Jun-19,12/06/2019,6.45,THE JAPANESE CANTEEN LONDON,Eating Out
Jun-19,12/06/2019,1.85,WAITROSE STRATFORD LONDON,Glossary
Jun-19,13/06/2019,3.25,CAPITAL ONE,Eating Out
Jun-19,13/06/2019,3.75,MARKS & SPENCER - STRAT LONDON,Glossary
Jun-19,13/06/2019,10.78,PRET A MANGER-CITY ROAD LONDON,Eating Out
Jun-19,13/06/2019,5.8,TFL TRAVEL CHARGE TFL.GOV.UK/CP,Transport
Jun-19,14/06/2019,5.7,TFL TRAVEL CH,Transport
Jun-19,14/06/2019,13.85,IZ *KOVA LTD LONDON,Eating Out
Jun-19,14/06/2019,12.19,SAINSBURYS SUPERMARKET LONDON,Glossary
Jun-19,14/06/2019,9,WILKINSON STRATFORD STRATFORD,Glossary
Jun-19,15/06/2019,167.95,MANGOUK_3DADYEN LONDON,Shopping
Jun-19,15/06/2019,23.95,PROJECTS@PAUL-UK.COM CHICAGO,Eating Out
Jun-19,15/06/2019,4.08,SAINSBURYS SUPERMARKET LONDON,Glossary
Jun-19,16/06/2019,10.98,ITUNES.COM/BILL HOLLYHILL,Other
Jun-19,16/06/2019,61.8,IZ *KOVA LTD LONDON,Eating Out
Jun-19,16/06/2019,8.6,SAINSBURYS SUPERMARKET LONDON,Glossary
Jun-19,17/06/2019,7.9,THE SICHUAN,Eating Out
Jun-19,17/06/2019,55,MR X CHEN,Shopping
Jun-19,17/06/2019,2.25,PRET A MANGER LONDON,Eating Out
Jun-19,17/06/2019,5.3,TFL TRAVEL CHARGE TFL.GOV.UK/CP,Transport
Jun-19,18/06/2019,7.8,THE OLD STREET CHI,Eating Out
Jun-19,18/06/2019,186,JURYS INN NOTTINGHAM FR NOTTINGHAM,Business Expense
Jun-19,18/06/2019,35.4,SHANGHAI SHANGHAI SHANG NOTTINGHAM,Business Expense
Jun-19,18/06/2019,3.2,STARBUCKS TESCO LONDON,Eating Out
Jun-19,18/06/2019,3.95,TESCO STORE 5660 5660TE NOTTINGHAM,Business Expense
Jun-19,18/06/2019,4,TFL TRAVEL CHARGE TFL.GOV.UK/CP,Transport
Jun-19,19/06/2019,3.52,CAPITAL ONE,Eating Out
Jun-19,19/06/2019,7.25,INDOCHINE LTD GREATER LONDON,Eating Out
Jun-19,19/06/2019,29.3,MANS RESTAURANT MANS RE NOTTINGHAM,Business Expense
Jun-19,19/06/2019,1.3,TESCO STORE 5653 5653TE NOTTINGHAM,Glossary
Jun-19,20/06/2019,3.69,CAPITAL ONE,Eating Out
Jun-19,20/06/2019,0.44,OLIVE CATERING SER,Eating Out
Jun-19,20/06/2019,3.5,IZ *ROSSLYN COFFEE LONDON,Eating Out
Jun-19,20/06/2019,252,SANDRO Paris,Shopping
Jun-19,20/06/2019,5.7,TFL TRAVEL CHARGE TFL.GOV.UK/CP,Transport
Jun-19,21/06/2019,300,JINLEI ZHONG,Utility Bill
Jun-19,21/06/2019,27.75,LOON FUNG LIMITED,Glossary
Jun-19,21/06/2019,3.65,CAPITAL ONE,Eating Out
Jun-19,21/06/2019,7,IZ *ROSSLYN COFFEE LONDON,Eating Out
Jun-19,21/06/2019,5.7,IZ *ROSSLYN COFFEE LONDON,Eating Out
Jun-19,21/06/2019,5.8,TFL TRAVEL CHARGE TFL.GOV.UK/CP,Transport
Jun-19,22/06/2019,58.95,SAINSBURYS SUPERMARKET LONDON,Glossary
Jun-19,23/06/2019,3.24,SAINSBURYS SUPERMARKET LONDON,Glossary
Jun-19,24/06/2019,22.2,LOON FUNG LIMITED,Glossary
Jun-19,24/06/2019,9.4,T4,Eating Out
Jun-19,24/06/2019,30,LUL TICKET MACHINE-STRA LONDON,Transport
Jun-19,24/06/2019,10.78,PRET A MANGER-CITY ROAD LONDON,Eating Out
Jun-19,25/06/2019,50,INSITE ENERGY V/T,Utility Bill
Jun-19,25/06/2019,6.04,BOOTS THE CHEMIST LONDON,Shopping
Jun-19,25/06/2019,2,INDOCHINE LTD GREATER LONDON,Eating Out
Jun-19,25/06/2019,35.4,SHANGHAI SHANGHAI SHANG NOTTINGHAM,Business Expense
Jun-19,25/06/2019,3.2,STARBUCKS TESCO LONDON,Eating Out
Jun-19,25/06/2019,5.7,TFL TRAVEL CHARGE TFL.GOV.UK/CP,Transport
Jun-19,25/06/2019,3.5,WAITROSE CONVENIENCE NOTTINGHAM,Business Expense
Jun-19,26/06/2019,3.7,CAPITAL ONE,Eating Out
Jun-19,26/06/2019,0.44,OLIVE CATERING SER,Other
Jun-19,26/06/2019,18.98,LOON FUNG LIMITED,Glossary
Jun-19,26/06/2019,7.8,THE OLD STREET CHI,Eating Out
Jun-19,26/06/2019,145.74,LONDON BOROUGH OF,Utility Bill
Jun-19,26/06/2019,28.3,MANS RESTAURANT MANS RE NOTTINGHAM,Business Expense
Jun-19,26/06/2019,6.95,THE JAPANESE CANTEEN LONDON,Eating Out
Jun-19,26/06/2019,3.79,WAITROSE CONVENIENCE NOTTINGHAM,Business Expense
Jun-19,27/06/2019,3.25,CAPITAL ONE,Eating Out
Jun-19,27/06/2019,215.84,3CPAYMENT*HILTON NOTTIN NOTTINGHAM,Business Expense
Jun-19,27/06/2019,5.9,IZ *ST MARY ALDERMARY ( LONDON,Eating Out
Jun-19,27/06/2019,4,TFL TRAVEL CHARGE TFL.GOV.UK/CP,Transport
Jun-19,28/06/2019,4.03,CAPITAL ONE,Eating Out
Jun-19,28/06/2019,1.29,LOON FUNG LIMITED,Glossary
Jun-19,28/06/2019,203.17,CLUB GASCON LONDON,Eating Out
Jun-19,28/06/2019,8.98,PRET A MANGER-CITY ROAD LONDON,Eating Out
Jun-19,29/06/2019,-87.97,MANGOUK_3DADYEN LONDON,Shopping
Jun-19,29/06/2019,14.05,SAINSBURYS SUPERMARKET LONDON,Glossary
Jun-19,30/06/2019,94.05,HARRODS LIMITED LONDON,Shopping
Jun-19,30/06/2019,150.57,HARRODS LIMITED LONDON,Shopping
Jun-19,30/06/2019,384.75,HARRODS LIMITED LONDON,Shopping
Jun-19,30/06/2019,179.1,HARRODS LIMITED LONDON,Shopping
Jun-19,30/06/2019,324,HARRODS LIMITED LONDON,Shopping
Jun-19,30/06/2019,15.4,HARRODS LIMITED LONDON,Shopping
Jul-19,01/07/2019,20,TSGN,Transport
Jul-19,01/07/2019,9,CHINESE TAPAS,Eating Out
Jul-19,01/07/2019,3,TFL TRAVEL CH,Transport
Jul-19,01/07/2019,52.8,PALACE KOREAN REST,Eating Out
Jul-19,01/07/2019,8.9,MOKA,Eating Out
Jul-19,01/07/2019,9,IZ *ROSSLYN COFFEE LONDON,Eating Out
Jul-19,01/07/2019,23.55,MARKS & SPENCER - STRAT LONDON,Glossary
Jul-19,01/07/2019,8.19,SAINSBURYS SUPERMARKET LONDON,Glossary
Jul-19,02/07/2019,3.94,LOON FUNG LIMITED,Glossary
Jul-19,02/07/2019,3.2,STARBUCKS TESCO LONDON,Eating Out
Jul-19,02/07/2019,5.7,TFL TRAVEL CHARGE TFL.GOV.UK/CP,Transport
Jul-19,03/07/2019,3.69,CAPITAL ONE,Eating Out
Jul-19,03/07/2019,3,BOOTS THE CHEMIST LONDON,Shopping
Jul-19,04/07/2019,3.65,CAPITAL ONE,Eating Out
Jul-19,04/07/2019,0.44,OLIVE CATERING SER,Eating Out
Jul-19,04/07/2019,5.7,TFL TRAVEL CHARGE TFL.GOV.UK/CP,Transport
Jul-19,05/07/2019,3.69,CAPITAL ONE,Eating Out
Jul-19,05/07/2019,7,IZ *ROSSLYN COFFEE LONDON,Eating Out
Jul-19,06/07/2019,905,GOYARD MAYFAIR,Shopping
Jul-19,06/07/2019,130.5,HARRODS LIMITED LONDON,Shopping
Jul-19,06/07/2019,90,HARRODS LIMITED LONDON,Shopping
Jul-19,06/07/2019,25.2,HARRODS LIMITED LONDON,Shopping
Jul-19,06/07/2019,11.85,IZ *KOVA PATISSERIE LONDON,Eating Out
Jul-19,06/07/2019,7.34,PRET A MANGER LONDON,Eating Out
Jul-19,06/07/2019,4.5,WASABI BROMPTON ROAD BR LONDON,Eating Out
Jul-19,07/07/2019,360,HARRODS LIMITED LONDON,Shopping
Jul-19,07/07/2019,8.4,IZ *THE COFFEEWORKS PRO LONDON,Eating Out
Jul-19,07/07/2019,4.34,W H SMITH TRAVEL HEATH HOWNSLOW,Eating Out
Jul-19,08/07/2019,12.99,LOON FUNG LIMITED,Glossary
Jul-19,08/07/2019,7.8,THE OLD STREET CHI,Eating Out
Jul-19,08/07/2019,60,MISS YAOYU WU,Shopping
Jul-19,08/07/2019,21.53,H3G,Utility Bill
Jul-19,08/07/2019,3.5,IZ *ROSSLYN COFFEE LONDON,Eating Out
Jul-19,09/07/2019,7.8,THE OLD STREET CHI,Eating Out
Jul-19,09/07/2019,2.8,MARKS & SPENCER - STRAT LONDON,Glossary
Jul-19,09/07/2019,10.58,PRET A MANGER-CITY ROAD LONDON,Eating Out
Jul-19,09/07/2019,30,STRATFORD SELF SERVICE LONDON,Transport
Jul-19,10/07/2019,6.5,IZ *ROSSLYN COFFEE LONDON,Eating Out
Jul-19,10/07/2019,3.2,STARBUCKS TESCO LONDON,Glossary
Jul-19,10/07/2019,5.7,TFL TRAVEL CHARGE TFL.GOV.UK/CP,Transport
Jul-19,11/07/2019,3.25,CAPITAL ONE,Eating Out
Jul-19,11/07/2019,745,JINLEI ZHONG,Filght Ticket
Jul-19,11/07/2019,3.5,IZ *ROSSLYN COFFEE LONDON,Eating Out
Jul-19,11/07/2019,8.7,WASABI ONE NEW CHANGE B LONDON,Eating Out
Jul-19,12/07/2019,100,LNK SAINSBURYS BAN,Entertainment
Jul-19,12/07/2019,4.03,CAPITAL ONE,Eating Out
Jul-19,12/07/2019,3.5,IZ *ROSSLYN COFFEE LONDON,Eating Out
Jul-19,12/07/2019,27.9,PAUL (ST. PAULS) LONDON,Eating Out
Jul-19,13/07/2019,11.45,SAINSBURYS SUPERMARKET LONDON,Glossary
Jul-19,14/07/2019,1.15,MARKS & SPENCER - STRAT LONDON,Glossary
Jul-19,14/07/2019,21.6,MARKS & SPENCER - STRAT LONDON,Glossary
Jul-19,14/07/2019,1.5,PRET A MANGER 460 LONDON,Eating Out
Jul-19,14/07/2019,140.8,UNIQLO LONDON,Shopping
Jul-19,15/07/2019,21.06,LOON FUNG LIMITED,Glossary
Jul-19,15/07/2019,12.75,WWW.BOOKING.GLL.OR,Gym & Sports
Jul-19,15/07/2019,3.35,CAPITAL ONE,Eating Out
Jul-19,15/07/2019,27,MR X CHEN,Eating Out
Jul-19,15/07/2019,70,JINLEI ZHONG,Entertainment
Jul-19,15/07/2019,6.9,SPOONTREE LIMITED LONDON,Other
Jul-19,15/07/2019,5.7,TFL TRAVEL CHARGE TFL.GOV.UK/CP,Transport
Jul-19,16/07/2019,141.83,RENDALL & RITTNER,Property
Jul-19,16/07/2019,225,RENDALL & RITTNER,Property
Jul-19,16/07/2019,3.65,CAPITAL ONE,Eating Out
Jul-19,16/07/2019,5.7,TFL TRAVEL CHARGE TFL.GOV.UK/CP,Transport
Jul-19,17/07/2019,66,GREENWICH LEISURE,Gym & Sports
Jul-19,17/07/2019,0.75,"CO-OP CROYDON, LANSDOWN CROYDON",Eating Out
Jul-19,17/07/2019,32,LOTUS GARDEN LONDON,Eating Out
Jul-19,17/07/2019,0.83,MARKS & SPENCER - STRAT LONDON,Glossary
Jul-19,17/07/2019,7.2,MONMOUTH COFFEE MONMOUT LONDON,Eating Out
Jul-19,17/07/2019,2.9,TFL TRAVEL CHARGE TFL.GOV.UK/CP,Transport
Jul-19,18/07/2019,3.39,CAPITAL ONE,Eating Out
Jul-19,18/07/2019,9.04,PRET A MANGER-CITY ROAD LONDON,Eating Out
Jul-19,18/07/2019,6.6,SAINSBURYS SUPERMARKET LONDON,Glossary
Jul-19,18/07/2019,5.3,TFL TRAVEL CHARGE TFL.GOV.UK/CP,Transport
Jul-19,19/07/2019,7.56,LOON FUNG LIMITED,Glossary
Jul-19,19/07/2019,2.9,TFL TRAVEL CHARGE TFL.GOV.UK/CP,Transport
Jul-19,19/07/2019,2.9,TFL TRAVEL CHARGE TFL.GOV.UK/CP,Transport
Jul-19,19/07/2019,3.9,TFL TRAVEL CHARGE TFL.GOV.UK/CP,Transport
Jul-19,20/07/2019,2.49,ITUNES.COM/BILL HOLLYHILL,Entertainment
Jul-19,20/07/2019,1.98,PRET A MANGER LONDON,Eating Out
Jul-19,20/07/2019,3.8,STARBUCKS COFFEE COMPAN LONDON,Eating Out
Jul-19,21/07/2019,14.23,PRET A MANGER LONDON,Eating Out
Jul-19,21/07/2019,15.1,SAINSBURYS SUPERMARKET LONDON,Glossary
Jul-19,22/07/2019,49.72,LOON FUNG LIMITED,Glossary
Jul-19,22/07/2019,12.75,WWW.BOOKING.GLL.OR,Gym & Sports
Jul-19,22/07/2019,7.8,THE OLD STREET CHI,Eating Out
Jul-19,22/07/2019,5,MR D PARKER,Gym & Sports
Jul-19,22/07/2019,15,MR X CHEN,Eating Out
Jul-19,22/07/2019,7.85,ISLAND POKE LONDON,Eating Out
Jul-19,22/07/2019,8.24,PRET A MANGER-CITY ROAD LONDON,Eating Out
Jul-19,22/07/2019,5.3,TFL TRAVEL CHARGE TFL.GOV.UK/CP,Transport
Jul-19,22/07/2019,2.9,TFL TRAVEL CHARGE TFL.GOV.UK/CP,Transport
Jul-19,23/07/2019,3.2,STARBUCKS TESCO LONDON,Eating Out
Jul-19,23/07/2019,5.7,TFL TRAVEL CHARGE TFL.GOV.UK/CP,Transport
Jul-19,23/07/2019,5.8,TFL TRAVEL CHARGE TFL.GOV.UK/CP,Transport
Jul-19,24/07/2019,3.69,CAPITAL ONE,Eating Out
Jul-19,24/07/2019,0.44,OLIVE CATERING SER,Eating Out
Jul-19,24/07/2019,3,JESSOPS NOTTINGHAM,Other
Jul-19,24/07/2019,7.78,PRET A MANGER-NOTTINGHA NOTTINGHAM,Eating Out
Jul-19,24/07/2019,5.8,TFL TRAVEL CHARGE TFL.GOV.UK/CP,Transport
Jul-19,25/07/2019,3.5,IZ *ROSSLYN COFFEE LONDON,Eating Out
Jul-19,25/07/2019,30,LUL TICKET MACHINE-GOLD LONDON,Transport
Jul-19,25/07/2019,8.24,PRET A MANGER-NOTTINGHA NOTTINGHAM,Eating Out
Jul-19,25/07/2019,1,TESCO STORE 5660 5660TE NOTTINGHAM,Glossary
Jul-19,25/07/2019,5.3,TFL TRAVEL CHARGE TFL.GOV.UK/CP,Transport
Jul-19,25/07/2019,4,TFL TRAVEL CHARGE TFL.GOV.UK/CP,Transport
Jul-19,25/07/2019,17.8,WASABI LIVERPOOL STREET LONDON,Eating Out
Jul-19,26/07/2019,14.3,COCO TANG,Eating Out
Jul-19,26/07/2019,6.15,INDOCHINE LTD GREATER LONDON,Eating Out
Jul-19,26/07/2019,6.99,IZ *GRABTHAI - BANGKOK LONDON,Eating Out
Jul-19,26/07/2019,6.5,IZ *ROSSLYN COFFEE LONDON,Eating Out
Jul-19,26/07/2019,2.4,MARKS AND SPENCER BROAD LIVERPOOL ST ST,Glossary
Jul-19,27/07/2019,23.07,SAINSBURYS SUPERMARKET LONDON,Glossary
Jul-19,27/07/2019,16.94,STARBUCKS COFFEE COMPAN LONDON,Eating Out
Jul-19,29/07/2019,10.46,LOON FUNG LIMITED,Glossary
Jul-19,29/07/2019,8.4,T4,Eating Out
Jul-19,29/07/2019,30,COURSRA7GR5FR6PR2E,Online Course Learning
Jul-19,29/07/2019,9.34,LOON FUNG LIMITED,Glossary
Jul-19,29/07/2019,1.55,MARKS AND SPENCER BROAD LIVERPOOL ST ST,Glossary
Jul-19,29/07/2019,7.39,PRET A MANGER-CITY ROAD LONDON,Eating Out
Jul-19,29/07/2019,2.35,SAINSBURYS SUPERMARKET LONDON,Glossary
Jul-19,29/07/2019,5.3,TFL TRAVEL CHARGE TFL.GOV.UK/CP,Transport
Jul-19,30/07/2019,2.89,PRET A MANGER LONDON,Eating Out
Jul-19,30/07/2019,3.2,STARBUCKS TESCO LONDON,Eating Out
Jul-19,30/07/2019,5.7,TFL TRAVEL CHARGE TFL.GOV.UK/CP,Transport
Jul-19,31/07/2019,3.91,CAPITAL ONE,Eating Out
Jul-19,31/07/2019,6.15,INDOCHINE LTD GREATER LONDON,Eating Out
Jul-19,31/07/2019,6,IZ *ROSSLYN COFFEE LONDON,Eating Out
Jul-19,31/07/2019,5.3,TFL TRAVEL CHARGE TFL.GOV.UK/CP,Transport
Aug-19,01/08/2019,3.25,CAPITAL ONE,Eating Out
Aug-19,01/08/2019,5.3,TFL TRAVEL CHARGE TFL.GOV.UK/CP,Transport
Aug-19,01/08/2019,5.65,IZ *BLACK SHEEP COFFEE LONDON,Eating Out
Aug-19,01/08/2019,3,MARKS & SPENCER - STRAT LONDON,Glossary
Aug-19,01/08/2019,12.95,MARKS & SPENCER - STRAT LONDON,Glossary
Aug-19,01/08/2019,20,STARBUCKS TESCO LONDON,Eating Out
Aug-19,01/08/2019,8,TFL TRAVEL CHARGE TFL.GOV.UK/CP,Transport
Aug-19,01/08/2019,55.65,GRANGER & CO LONDON,Shopping
Aug-19,01/08/2019,2.4,TFL TRAVEL CHARGE TFL.GOV.UK/CP,Transport
Aug-19,01/08/2019,7.17,MCDONALD'S STARTFORD TH LONDON,Eating Out
Aug-19,01/08/2019,22.22,HAIDILAO PICCADILLY HAI LONDON,Eating Out
Aug-19,01/08/2019,22.22,HAIDILAO PICCADILLY HAI LONDON,Eating Out
Aug-19,01/08/2019,34.49,MEALPAL.CO.UK EXETER,Eating Out
Aug-19,01/08/2019,30,LUL TICKET MACHINE-STRA LONDON,Transport
Aug-19,01/08/2019,6.2,SAINSBURYS SUPERMARKET LONDON,Glossary
Aug-19,01/08/2019,9.74,PRET A MANGER LONDON,Eating Out
Aug-19,01/08/2019,3.5,IZ *ROSSLYN COFFEE LONDON,Eating Out
Aug-19,01/08/2019,0.71,TESCO STORE 5660 5660TE NOTTINGHAM,Glossary
Aug-19,01/08/2019,2,WAITROSE CONVENIENCE NOTTINGHAM,Glossary
Aug-19,01/08/2019,3.5,IZ *ROSSLYN COFFEE LONDON,Eating Out
Aug-19,01/08/2019,6.25,STARBUCKS TESCO LONDON,Eating Out
Aug-19,01/08/2019,5.7,TFL TRAVEL CHARGE TFL.GOV.UK/CP,Transport
Aug-19,01/08/2019,5.3,TFL TRAVEL CHARGE TFL.GOV.UK/CP,Transport
Aug-19,01/08/2019,2.4,TFL TRAVEL CHARGE TFL.GOV.UK/CP,Transport
Aug-19,01/08/2019,4,OMOTESANDO KOFFEE London,Eating Out
Aug-19,01/08/2019,4,TFL TRAVEL CHARGE TFL.GOV.UK/CP,Transport
Aug-19,01/08/2019,20,JOHN LEWIS AT HOME LONDON,Shopping
Aug-19,01/08/2019,2.9,IZ *V69 LTD LONDON,Glossary
Aug-19,01/08/2019,26.65,PHO STRATFORD LONDON,Eating Out
Aug-19,01/08/2019,8.2,TFL TRAVEL CHARGE TFL.GOV.UK/CP,Transport
Aug-19,01/08/2019,6.99,IZ *GRABTHAI - BANGKOK LONDON,Eating Out
Aug-19,01/08/2019,2.9,IZ *ROSSLYN COFFEE LONDON,Eating Out
Aug-19,01/08/2019,10.5,SAINSBURYS SUPERMARKET LONDON,Glossary
Aug-19,01/08/2019,135.56,ROYAL GARDEN HOTEL LONDON,Eating Out
Aug-19,01/08/2019,16.58,SAINSBURYS SUPERMARKET LONDON,Glossary
Aug-19,01/08/2019,1.7,PRET A MANGER-GRESHAM S LONDON,Eating Out
Aug-19,01/08/2019,5.3,TFL TRAVEL CHARGE TFL.GOV.UK/CP,Transport
Aug-19,01/08/2019,6.55,STARBUCKS TESCO LONDON,Eating Out
Aug-19,01/08/2019,5.7,TFL TRAVEL CHARGE TFL.GOV.UK/CP,Transport
Aug-19,01/08/2019,5.8,TFL TRAVEL CHARGE TFL.GOV.UK/CP,Transport
Aug-19,01/08/2019,5.3,TFL TRAVEL CHARGE TFL.GOV.UK/CP,Transport
Aug-19,01/08/2019,57.48,MEALPAL.CO.UK EXETER,Eating Out
Aug-19,01/08/2019,5.7,TFL TRAVEL CHARGE TFL.GOV.UK/CP,Transport
Aug-19,01/08/2019,5.8,TFL TRAVEL CHARGE TFL.GOV.UK/CP,Transport
Aug-19,01/08/2019,7.15,NESPRESSO- DO&CO CAFE U LONDON,Eating Out
Aug-19,01/08/2019,2.9,TFL TRAVEL CHARGE TFL.GOV.UK/CP,Transport
Aug-19,01/08/2019,7,TFL TRAVEL CHARGE TFL.GOV.UK/CP,Transport
Aug-19,01/08/2019,33.86,KOYA LONDON,Eating Out
Aug-19,01/08/2019,23.64,PRET A MANGER LONDON,Eating Out
Aug-19,01/08/2019,16.94,STARBUCKS COFFEE COMPAN LONDON,Eating Out
Aug-19,01/08/2019,21.26,UBER BV HELP.UBER.COM,Transport
Aug-19,01/08/2019,0.8,SAINSBURYS SUPERMARKET LONDON,Glossary
Aug-19,01/08/2019,7.17,MCDONALD'S STARTFORD TH LONDON,Eating Out
Aug-19,01/08/2019,5.3,TFL TRAVEL CHARGE TFL.GOV.UK/CP,Transport
Aug-19,01/08/2019,2,MARKS & SPENCER-NEW CHA LONDON,Glossary
Aug-19,01/08/2019,2,WAITROSE CONVENIENCE NOTTINGHAM,Glossary
Aug-19,01/08/2019,2.9,IZ *ROSSLYN COFFEE LONDON,Eating Out
Aug-19,01/08/2019,9.9,IZ *KOVA PATISSERIE LONDON,Eating Out
Aug-19,01/08/2019,13.3,VIETFOOD W1D 6QT,Eating Out
Aug-19,01/08/2019,3.2,STARBUCKS TESCO LONDON,Eating Out
Aug-19,01/08/2019,5.7,TFL TRAVEL CHARGE TFL.GOV.UK/CP,Transport
Aug-19,01/08/2019,5.3,TFL TRAVEL CHARGE TFL.GOV.UK/CP,Transport
Aug-19,01/08/2019,2.9,IZ *ROSSLYN COFFEE LONDON,Eating Out
Aug-19,01/08/2019,5.3,TFL TRAVEL CHARGE TFL.GOV.UK/CP,Transport
Aug-19,01/08/2019,5.8,TFL TRAVEL CHARGE TFL.GOV.UK/CP,Transport
Aug-19,01/08/2019,5.7,TFL TRAVEL CHARGE TFL.GOV.UK/CP,Transport
Aug-19,01/08/2019,6.2,SAINSBURYS SUPERMARKET LONDON,Glossary
Aug-19,01/08/2019,7.54,MANICOMIO LONDON,Eating Out
Aug-19,01/08/2019,5.95,IZ *KOVA PATISSERIE LONDON,Eating Out
Aug-19,01/08/2019,5.8,TFL TRAVEL CHARGE TFL.GOV.UK/CP,Transport
Aug-19,01/08/2019,2.4,MARKS AND SPENCER BROAD LIVERPOOL ST ST,Glossary
Aug-19,01/08/2019,30,LUL TICKET MACHINE-STRA LONDON,Transport
Aug-19,01/08/2019,5.25,SAINSBURYS SUPERMARKET LONDON,Glossary
Aug-19,01/08/2019,9,SAINSBURYS SUPERMARKET LONDON,Glossary
Aug-19,01/08/2019,804.5,SANDRO Paris,Shopping
Aug-19,01/08/2019,3,SAINSBURYS SUPERMARKET LONDON,Glossary
Aug-19,01/08/2019,31.35,MARKS & SPENCER - STRAT LONDON,Glossary
Aug-19,01/08/2019,1.75,SAINSBURY'S COLINDALE,Eating Out
Aug-19,01/08/2019,6.35,STARBUCKS COFFEE COMPAN LONDON,Eating Out
Aug-19,01/08/2019,8,TFL TRAVEL CHARGE TFL.GOV.UK/CP,Transport
Aug-19,01/08/2019,6.36,MCDONALD'S STARTFORD TH LONDON,Eating Out
Aug-19,01/08/2019,3.4,MARKS & SPENCER PLC ST LONDON,Glossary
Aug-19,01/08/2019,5.7,TFL TRAVEL CHARGE TFL.GOV.UK/CP,Transport
Aug-19,01/08/2019,5.8,TFL TRAVEL CHARGE TFL.GOV.UK/CP,Transport
Aug-19,01/08/2019,2,WAITROSE CONVENIENCE NOTTINGHAM,Glossary
Aug-19,01/08/2019,3.2,STARBUCKS TESCO LONDON,Eating Out
Aug-19,01/08/2019,5.8,TFL TRAVEL CHARGE TFL.GOV.UK/CP,Transport
Aug-19,01/08/2019,5.7,TFL TRAVEL CHARGE TFL.GOV.UK/CP,Transport
Aug-19,01/08/2019,2.9,TFL TRAVEL CHARGE TFL.GOV.UK/CP,Transport
Aug-19,01/08/2019,7.17,MCDONALD'S STARTFORD TH LONDON,Eating Out
Aug-19,01/08/2019,10.16,SAINSBURYS SUPERMARKET LONDON,Glossary
Aug-19,01/08/2019,34.5,WWW.BLOOMANDWILD.COM LONDON,Shopping
Aug-19,01/08/2019,19.55,MARKS & SPENCER - STRAT LONDON,Glossary
Aug-19,01/08/2019,2.98,LIDL LON STRATFORD 1558 LONDON,Eating Out
Aug-19,01/08/2019,4.65,SAINSBURYS SUPERMARKET LONDON,Glossary
Aug-19,01/08/2019,-302.4,SANDRO Paris,Shopping
Aug-19,02/08/2019,3.65,CAPITAL ONE,Eating Out
Aug-19,02/08/2019,161.46,THAMES WATER WEB,Utility Bill
Aug-19,05/08/2019,5.2,T4,Eating Out
Aug-19,05/08/2019,19.99,LOON FUNG LIMITED,Glossary
Aug-19,07/08/2019,0.44,OLIVE CATERING SER,Eating Out
Aug-19,07/08/2019,3.91,CAPITAL ONE,Eating Out
Aug-19,07/08/2019,34.27,H3G,Utility Bill
Aug-19,07/08/2019,50,LNK PO HIGH ROAD 1,Cash Out
Aug-19,08/08/2019,0.44,OLIVE CATERING SER,Eating Out
Aug-19,08/08/2019,3.25,CAPITAL ONE,Eating Out
Aug-19,08/08/2019,10,TRAMLINK NOTTINGHA,Transport
Aug-19,09/08/2019,3.65,CAPITAL ONE,Eating Out
Aug-19,12/08/2019,1,SELECTA UK GBP,Eating Out
Aug-19,12/08/2019,1,SELECTA UK GBP,Eating Out
Aug-19,12/08/2019,1,SELECTA UK GBP,Eating Out
Aug-19,12/08/2019,3.56,LOON FUNG LIMITED,Glossary
Aug-19,12/08/2019,9.4,T4,Eating Out
Aug-19,12/08/2019,20.47,LOON FUNG LIMITED,Glossary
Aug-19,13/08/2019,7.8,THE OLD STREET CHI,Eating Out
Aug-19,14/08/2019,0.75,OLIVE CATERING SER,Eating Out
Aug-19,14/08/2019,3.35,CAPITAL ONE,Eating Out
Aug-19,15/08/2019,3.25,CAPITAL ONE,Eating Out
Aug-19,15/08/2019,12.75,WWW.BOOKING.GLL.OR,Gym & Sports
Aug-19,16/08/2019,3.69,CAPITAL ONE,Eating Out
Aug-19,19/08/2019,5.85,LOON FUNG LIMITED,Glossary
Aug-19,19/08/2019,17.3,LOON FUNG LIMITED,Glossary
Aug-19,19/08/2019,27,MR X CHEN,Eating Out
Aug-19,19/08/2019,66,GREENWICH LEISURE,Entertainment
Aug-19,20/08/2019,2.4,TFL TRAVEL CH,Transport
Aug-19,21/08/2019,3.91,CAPITAL ONE,Glossary
Aug-19,21/08/2019,50,INSITE ENERGY V/T,Utility Bill
Aug-19,22/08/2019,4.54,CAPITAL ONE,Eating Out
Aug-19,23/08/2019,3.69,CAPITAL ONE,Eating Out
Aug-19,23/08/2019,4.19,LOON FUNG LIMITED,Glossary
Aug-19,27/08/2019,5.55,LOON FUNG LIMITED,Glossary
Aug-19,27/08/2019,12.75,WWW.BOOKING.GLL.OR,Gym & Sports
Aug-19,27/08/2019,14.1,T4,Eating Out
Aug-19,27/08/2019,18,KEW GARDENS,Entertainment
Aug-19,27/08/2019,90,MR X CHEN,Eating Out
Aug-19,27/08/2019,355,BEHOO EXPRESS LTD,RMB (Milk Powder)
Aug-19,28/08/2019,0.44,OLIVE CATERING SER,Eating Out
Aug-19,28/08/2019,0.58,OLIVE CATERING SER,Eating Out
Aug-19,28/08/2019,4.75,CAPITAL ONE,Eating Out
Aug-19,28/08/2019,30,COURSRA7GR5FR6PR2E,Online Course Learning
Aug-19,29/08/2019,4.36,CAPITAL ONE,Eating Out
Aug-19,29/08/2019,6.85,ORIENTAL MART,Glossary
Aug-19,30/08/2019,3.35,CAPITAL ONE,Eating Out
Sep-19,01/09/2019,330,THE LEDBURY LONDON,Eating Out
Sep-19,01/09/2019,4,MARKS & SPENCER - STRAT LONDON,Glossary
Sep-19,01/09/2019,4,www.steampowered.com Seattle,Entertainment
Sep-19,01/09/2019,5.8,TFL TRAVEL CHARGE TFL.GOV.UK/CP,Transport
Sep-19,01/09/2019,57.48,MEALPAL.CO.UK EXETER,Eating Out
Sep-19,01/09/2019,5.7,TFL TRAVEL CHARGE TFL.GOV.UK/CP,Transport
Sep-19,01/09/2019,5.3,TFL TRAVEL CHARGE TFL.GOV.UK/CP,Transport
Sep-19,01/09/2019,11,SHAKE SHACK,Eating Out
Sep-19,01/09/2019,5.3,TFL TRAVEL CHARGE TFL.GOV.UK/CP,Transport
Sep-19,01/09/2019,5.7,TFL TRAVEL CHARGE TFL.GOV.UK/CP,Transport
Sep-19,01/09/2019,30,LUL TICKET MACHINE-STRA LONDON,Transport
Sep-19,01/09/2019,30,LUL TICKET MACHINE-STRA LONDON,Transport
Sep-19,01/09/2019,3.8,SAINSBURYS SUPERMARKET LONDON,Glossary
Sep-19,01/09/2019,5.3,TFL TRAVEL CHARGE TFL.GOV.UK/CP,Transport
Sep-19,01/09/2019,2.4,TFL TRAVEL CHARGE TFL.GOV.UK/CP,Transport
Sep-19,01/09/2019,25.85,BURGER KING (B/L) LONDON,Eating Out
Sep-19,01/09/2019,4.4,SUMMIT COMPLEX LTD LLANDUDNO,Eating Out
Sep-19,01/09/2019,51.85,WILDWOOD KITCHEN LLANDU LLANDUDNO,Eating Out
Sep-19,01/09/2019,0.64,SPAR - CONWY (BR - 0588 CONWY,Eating Out
Sep-19,01/09/2019,3.4,MARKS & SPENCER PLC ST LONDON,Glossary
Sep-19,01/09/2019,10.47,SAINSBURYS SUPERMARKET LONDON,Glossary
Sep-19,01/09/2019,6.9,STARBUCKS TESCO LONDON,Eating Out
Sep-19,01/09/2019,5.7,TFL TRAVEL CHARGE TFL.GOV.UK/CP,Transport
Sep-19,01/09/2019,5.8,TFL TRAVEL CHARGE TFL.GOV.UK/CP,Transport
Sep-19,01/09/2019,5.7,TFL TRAVEL CHARGE TFL.GOV.UK/CP,Transport
Sep-19,01/09/2019,2.9,TFL TRAVEL CHARGE TFL.GOV.UK/CP,Transport
Sep-19,01/09/2019,57.48,MEALPAL.CO.UK EXETER,Eating Out
Sep-19,01/09/2019,5.8,TFL TRAVEL CHARGE TFL.GOV.UK/CP,Transport
Sep-19,01/09/2019,9.99,eu.battle.net Velizy Villacou,Entertainment
Sep-19,01/09/2019,15,BOOTS THE CHEMIST LONDON,Shopping
Sep-19,01/09/2019,18.95,SAINSBURYS SUPERMARKET LONDON,Glossary
Sep-19,01/09/2019,0.43,SAINSBURYS SUPERMARKET LONDON,Glossary
Sep-19,01/09/2019,2.8,SAINSBURYS SUPERMARKET LONDON,Glossary
Sep-19,01/09/2019,1.7,PRET A MANGER-GRESHAM S LONDON,Eating Out
Sep-19,01/09/2019,5.8,TFL TRAVEL CHARGE TFL.GOV.UK/CP,Transport
Sep-19,01/09/2019,2.75,SAINSBURYS SUPERMARKET LONDON,Glossary
Sep-19,01/09/2019,6.9,STARBUCKS TESCO LONDON,Eating Out
Sep-19,01/09/2019,5.7,TFL TRAVEL CHARGE TFL.GOV.UK/CP,Transport
Sep-19,01/09/2019,5.8,TFL TRAVEL CHARGE TFL.GOV.UK/CP,Transport
Sep-19,01/09/2019,5.3,TFL TRAVEL CHARGE TFL.GOV.UK/CP,Transport
Sep-19,01/09/2019,3.4,IZ *ROSSLYN COFFEE LONDON,Eating Out
Sep-19,01/09/2019,3,SAINSBURYS SUPERMARKET LONDON,Glossary
Sep-19,01/09/2019,6.4,IZ *ROSSLYN COFFEE LONDON,Eating Out
Sep-19,01/09/2019,5.3,TFL TRAVEL CHARGE TFL.GOV.UK/CP,Transport
Sep-19,01/09/2019,4,TFL TRAVEL CHARGE TFL.GOV.UK/CP,Transport
Sep-19,01/09/2019,5.8,TFL TRAVEL CHARGE TFL.GOV.UK/CP,Transport
Sep-19,01/09/2019,5.8,TFL TRAVEL CHARGE TFL.GOV.UK/CP,Transport
Sep-19,01/09/2019,6.64,SAINSBURYS SUPERMARKET LONDON,Glossary
Sep-19,01/09/2019,7,NESPRESSO - WESTFIELD S LONDON,Shopping
Sep-19,01/09/2019,7.2,SAINSBURYS SUPERMARKET LONDON,Glossary
Sep-19,01/09/2019,0.99,SUPERDRUG STRATFORD WES STRATFORD,Shopping
Sep-19,01/09/2019,4.35,SAINSBURYS SUPERMARKET LONDON,Glossary
Sep-19,01/09/2019,2.4,MARKS AND SPENCER BROAD LIVERPOOL ST ST,Glossary
Sep-19,01/09/2019,5.15,SAINSBURYS SUPERMARKET LONDON,Glossary
Sep-19,01/09/2019,2.9,TFL TRAVEL CHARGE TFL.GOV.UK/CP,Transport
Sep-19,01/09/2019,5.8,TFL TRAVEL CHARGE TFL.GOV.UK/CP,Transport
Sep-19,01/09/2019,6.9,STARBUCKS TESCO LONDON,Eating Out
Sep-19,01/09/2019,5.3,TFL TRAVEL CHARGE TFL.GOV.UK/CP,Transport
Sep-19,01/09/2019,5.7,TFL TRAVEL CHARGE TFL.GOV.UK/CP,Transport
Sep-19,01/09/2019,5.3,TFL TRAVEL CHARGE TFL.GOV.UK/CP,Transport
Sep-19,01/09/2019,6.5,WAITROSE CONVENIENCE NOTTINGHAM,Glossary
Sep-19,01/09/2019,5.7,TFL TRAVEL CHARGE TFL.GOV.UK/CP,Transport
Sep-19,01/09/2019,5.8,TFL TRAVEL CHARGE TFL.GOV.UK/CP,Transport
Sep-19,01/09/2019,10.35,SAINSBURYS SUPERMARKET LONDON,Glossary
Sep-19,01/09/2019,4.4,SAINSBURYS SUPERMARKET LONDON,Glossary
Sep-19,01/09/2019,3.4,SAINSBURYS SUPERMARKET LONDON,Glossary
Sep-19,01/09/2019,2.9,TFL TRAVEL CHARGE TFL.GOV.UK/CP,Transport
Sep-19,01/09/2019,5.8,TFL TRAVEL CHARGE TFL.GOV.UK/CP,Transport
Sep-19,01/09/2019,22.8,MARKS & SPENCER - STRAT LONDON,Glossary
Sep-19,01/09/2019,17,STORIES STRATFORD LONDON,Shopping
Sep-19,01/09/2019,5.2,SAINSBURYS SUPERMARKET LONDON,Glossary
Sep-19,01/09/2019,5.35,SAINSBURYS SUPERMARKET LONDON,Glossary
Sep-19,01/09/2019,2,SAINSBURYS SUPERMARKET LONDON,Glossary
Sep-19,01/09/2019,2.16,MARKS & SPENCER-NEW CHA LONDON,Glossary
Sep-19,02/09/2019,1.35,LOON FUNG LIMITED,Glossary
Sep-19,02/09/2019,3.56,LOON FUNG LIMITED,Glossary
Sep-19,02/09/2019,5,T4,Eating Out
Sep-19,02/09/2019,14,THE CHINESE EMBASS,Other
Sep-19,02/09/2019,14.5,T4,Eating Out
Sep-19,02/09/2019,16.33,LOON FUNG LIMITED,Glossary
Sep-19,02/09/2019,71,BEHOO EXPRESS LTD,RMB (Milk Powder)
Sep-19,04/09/2019,10,TRAMLINK NOTTINGHA,Transport
Sep-19,04/09/2019,30,INSITE ENERGY V/T,Utility Bill
Sep-19,05/09/2019,3.25,CAPITAL ONE,Eating Out
Sep-19,06/09/2019,4.31,CAPITAL ONE,Eating Out
Sep-19,09/09/2019,0.7,POST OFFICE COUNTE,Other
Sep-19,09/09/2019,11.13,KFC - STRATFORD,Eating Out
Sep-19,09/09/2019,21.62,H3G,Utility Bill
Sep-19,09/09/2019,90.2,ALFREDO'S RESTAURA,Eating Out
Sep-19,09/09/2019,1080,LONDON BOROUGH OF,Utility Bill
Sep-19,10/09/2019,5,LONDON BOROUGH OF,Utility Bill
Sep-19,10/09/2019,16.5,LOVE TO EAT CONWAY,Eating Out
Sep-19,10/09/2019,53.35,MISS YAOYU WU,Entertainment
Sep-19,10/09/2019,900,JINLEI ZHONG,Jinlei's Credit Card
Sep-19,11/09/2019,5,T4,Eating Out
Sep-19,11/09/2019,11.42,LOON FUNG LIMITED,Glossary
Sep-19,11/09/2019,93.19,E.ON ENERGY SOLUTI,Utility Bill
Sep-19,12/09/2019,0.58,OLIVE CATERING SER,Eating Out
Sep-19,12/09/2019,4.03,CAPITAL ONE,Eating Out
Sep-19,13/09/2019,3.65,CAPITAL ONE,Eating Out
Sep-19,16/09/2019,5,T4,Eating Out
Sep-19,16/09/2019,142,BEHOO EXPRESS LTD,RMB (Milk Powder)
Sep-19,17/09/2019,66,GREENWICH LEISURE,Gym & Sports
Sep-19,17/09/2019,100,TAYLOR ROSE FINANC,Finance
Sep-19,18/09/2019,4.31,CAPITAL ONE,Glossary
Sep-19,19/09/2019,0.58,OLIVE CATERING SER,Eating Out
Sep-19,19/09/2019,1.69,CAPITAL ONE,Eating Out
Sep-19,19/09/2019,3.25,CAPITAL ONE,Eating Out
Sep-19,20/09/2019,1.69,CAPITAL ONE,Eating Out
Sep-19,20/09/2019,3.65,CAPITAL ONE,Eating Out
Sep-19,23/09/2019,5,T4,Eating Out
Sep-19,23/09/2019,5,IZ *GALETA LIMITED,Eating Out
Sep-19,23/09/2019,5.58,LOON FUNG LIMITED,Glossary
Sep-19,23/09/2019,9.93,LOON FUNG LIMITED,Glossary
Sep-19,23/09/2019,13.5,T4,Eating Out
Sep-19,23/09/2019,13.61,LOON FUNG LIMITED,Glossary
Sep-19,23/09/2019,17.4,ANGEL OF GREEN LON,Eating Out
Sep-19,23/09/2019,25.99,LOON FUNG LIMITED,Glossary
Sep-19,25/09/2019,4.75,CAPITAL ONE,Eating Out
Sep-19,26/09/2019,2.32,CAPITAL ONE,Eating Out
Sep-19,26/09/2019,3.35,CAPITAL ONE,Eating Out
Sep-19,27/09/2019,1.69,CAPITAL ONE,Eating Out
Sep-19,27/09/2019,3.69,CAPITAL ONE,Eating Out
Sep-19,30/09/2019,2.19,KFC - STRATFORD,Eating Out
Sep-19,30/09/2019,3.05,LOON FUNG LIMITED,Glossary
Sep-19,30/09/2019,6.82,LOON FUNG LIMITED,Glossary
Sep-19,30/09/2019,8.94,KFC - STRATFORD,Eating Out
Sep-19,30/09/2019,9,T4,Eating Out
Sep-19,30/09/2019,9,T4,Eating Out
Oct-19,01/10/2019,5.3,TFL TRAVEL CHARGE TFL.GOV.UK/CP,Transport
Oct-19,01/10/2019,2.9,TFL TRAVEL CHARGE TFL.GOV.UK/CP,Transport
Oct-19,01/10/2019,2.5,WAITROSE CONVENIENCE NOTTINGHAM,Glossary
Oct-19,01/10/2019,6.55,STARBUCKS TESCO LONDON,Eating Out
Oct-19,01/10/2019,5.7,TFL TRAVEL CHARGE TFL.GOV.UK/CP,Transport
Oct-19,01/10/2019,4.4,TFL TRAVEL CHARGE TFL.GOV.UK/CP,Transport
Oct-19,01/10/2019,1.3,TESCO STORE 5660 5660TE NOTTINGHAM,Glossary
Oct-19,01/10/2019,5.3,TFL TRAVEL CHARGE TFL.GOV.UK/CP,Transport
Oct-19,01/10/2019,2.9,IZ *ROSSLYN COFFEE LONDON,Eating Out
Oct-19,01/10/2019,294,UNIQLO EUROPE LTD. LONDON,Shopping
Oct-19,01/10/2019,57.48,MEALPAL.CO.UK EXETER,Eating Out
Oct-19,01/10/2019,5.8,TFL TRAVEL CHARGE TFL.GOV.UK/CP,Transport
Oct-19,01/10/2019,5.7,TFL TRAVEL CHARGE TFL.GOV.UK/CP,Transport
Oct-19,02/10/2019,3.91,CAPITAL ONE,Glossary
Oct-19,02/10/2019,213,BEHOO EXPRESS LTD,RMB (Milk Powder)
Oct-19,03/10/2019,2.32,CAPITAL ONE,Eating Out
Oct-19,03/10/2019,3.35,CAPITAL ONE,Eating Out
Oct-19,04/10/2019,1.69,CAPITAL ONE,Eating Out
Oct-19,04/10/2019,3.69,CAPITAL ONE,Eating Out
Oct-19,04/10/2019,19,MARKS & SPENCER - STRAT LONDON,Glossary
Oct-19,04/10/2019,5.8,TFL TRAVEL CHARGE TFL.GOV.UK/CP,Transport
Oct-19,04/10/2019,2.9,TFL TRAVEL CHARGE TFL.GOV.UK/CP,Transport
Oct-19,05/10/2019,140.43,CULT BEAUTY CULT BEAUTY UNITED KINGDOM,Shopping
Oct-19,05/10/2019,16,JOHN LEWIS AT HOME LONDON,Shopping
Oct-19,05/10/2019,10.15,SAINSBURYS SUPERMARKET LONDON,Glossary
Oct-19,05/10/2019,4,SAINSBURYS SUPERMARKET LONDON,Glossary
Oct-19,05/10/2019,-164.4,UNIQLO LONDON,Shopping
Oct-19,05/10/2019,1.7,WAITROSE STRATFORD LONDON,Glossary
Oct-19,06/10/2019,2,SAINSBURYS SUPERMARKET LONDON,Glossary
Oct-19,07/10/2019,0.5,WILKO RETAIL LIMIT,Glossary
Oct-19,07/10/2019,3.57,LOON FUNG LIMITED,Glossary
Oct-19,07/10/2019,29.53,LOON FUNG LIMITED,Glossary
Oct-19,07/10/2019,30,INSITE ENERGY V/T,Utility Bill
Oct-19,07/10/2019,8.26,TESCO STORE 2747 2747TE LONDON,Glossary
Oct-19,07/10/2019,5.8,TFL TRAVEL CHARGE TFL.GOV.UK/CP,Transport
Oct-19,07/10/2019,14.34,UBER BV HELP.UBER.COM,Transport
Oct-19,08/10/2019,21.53,H3G,Utility Bill
Oct-19,08/10/2019,-21.06,CULT BEAUTY LTD,Shopping
Oct-19,08/10/2019,7.5,MARKS & SPENCER-NEW CHA LONDON,Glossary
Oct-19,08/10/2019,6.55,STARBUCKS TESCO LONDON,Eating Out
Oct-19,08/10/2019,5.8,TFL TRAVEL CHARGE TFL.GOV.UK/CP,Transport
Oct-19,08/10/2019,5.7,TFL TRAVEL CHARGE TFL.GOV.UK/CP,Transport
Oct-19,09/10/2019,5.19,SUBWAY-LEXO BLUE L,Eating Out
Oct-19,09/10/2019,12.75,WWW.BOOKING.GLL.OR,Gym & Sports
Oct-19,09/10/2019,5.3,TFL TRAVEL CHARGE TFL.GOV.UK/CP,Transport
Oct-19,10/10/2019,4.31,CAPITAL ONE,Eating Out
Oct-19,10/10/2019,5.7,TFL TRAVEL CHARGE TFL.GOV.UK/CP,Transport
Oct-19,10/10/2019,5.3,TFL TRAVEL CHARGE TFL.GOV.UK/CP,Transport
Oct-19,11/10/2019,4.31,CAPITAL ONE,Eating Out
Oct-19,11/10/2019,17.78,DOMINOS PIZZA GROUP MILTON KEYNES,Eating Out
Oct-19,11/10/2019,15.56,UBER BV HELP.UBER.COM,Transport
Oct-19,12/10/2019,17.38,3CPAYMENT*PRET A MANGER LONDON,Eating Out
Oct-19,12/10/2019,5.6,SAINSBURYS SUPERMARKET LONDON,Glossary
Oct-19,12/10/2019,20,STARBUCKS TESCO LONDON,Glossary
Oct-19,13/10/2019,30,LUL TICKET MACHINE-TOTT LONDON,Transport
Oct-19,13/10/2019,19.25,THE REAL GREEK WESTFIEL LONDON,Eating Out
Oct-19,14/10/2019,3.99,KFC - STRATFORD,Eating Out
Oct-19,14/10/2019,18.35,JIA SHANGHAI,Eating Out
Oct-19,14/10/2019,50,LNK 400340GERRARD,Cash Out
Oct-19,14/10/2019,17.5,KLOOK TRAVEL TECHNOLOGY AMSTERDAM,Entertainment
Oct-19,14/10/2019,8.5,SAINSBURYS SUPERMARKET LONDON,Glossary
Oct-19,14/10/2019,5.8,TFL TRAVEL CHARGE TFL.GOV.UK/CP,Transport
Oct-19,15/10/2019,6.9,STARBUCKS TESCO LONDON,Eating Out
Oct-19,15/10/2019,5.7,TFL TRAVEL CHARGE TFL.GOV.UK/CP,Transport
Oct-19,16/10/2019,3.91,CAPITAL ONE,Eating Out
Oct-19,16/10/2019,2.24,"RYANAIR SANDYFORD, DUBL",Other
Oct-19,17/10/2019,4.31,CAPITAL ONE,Eating Out
Oct-19,17/10/2019,66,GREENWICH LEISURE,Gym & Sports
Oct-19,17/10/2019,2.9,TFL TRAVEL CHARGE TFL.GOV.UK/CP,Transport
Oct-19,17/10/2019,5.7,TFL TRAVEL CHARGE TFL.GOV.UK/CP,Transport
Oct-19,18/10/2019,4.53,CAPITAL ONE,Eating Out
Oct-19,18/10/2019,8.78,3CPAYMENT*PRET A MANGER LONDON,Eating Out
Oct-19,18/10/2019,2.9,TFL TRAVEL CHARGE TFL.GOV.UK/CP,Transport
Oct-19,18/10/2019,2.9,TFL TRAVEL CHARGE TFL.GOV.UK/CP,Transport
Oct-19,19/10/2019,11,&OTHER STORIES LONDON G LONDON,Shopping
Oct-19,19/10/2019,4.68,3CPAYMENT*PRET A MANGER LONDON,Eating Out
Oct-19,19/10/2019,6.4,ARABICA 5 KING STREET LONDON,Eating Out
Oct-19,19/10/2019,7.3,POST OFFICE STRATFORD LONDON,Other
Oct-19,19/10/2019,2.75,RYOHIN KEIKAKU EUROPE L LONDON,Eating Out
Oct-19,19/10/2019,13.97,SAINSBURYS SUPERMARKET LONDON,Glossary
Oct-19,20/10/2019,9.28,3CPAYMENT*PRET A MANGER LONDON,Eating Out
Oct-19,20/10/2019,2.72,AMZNMKTPLACE AMAZON.CO.UK,Shopping
Oct-19,21/10/2019,0.3,P.O. 26 - 28 THE B,Other
Oct-19,21/10/2019,8.2,LOON FUNG LIMITED,Glossary
Oct-19,21/10/2019,9,T4,Eating Out
Oct-19,21/10/2019,10.6,LOON FUNG LIMITED,Glossary
Oct-19,21/10/2019,12.75,WWW.BOOKING.GLL.OR,Gym & Sports
Oct-19,21/10/2019,242,BEHOO EXPRESS LTD,RMB (Milk Powder)
Oct-19,21/10/2019,44.65,FORTNUMANDMASON.COM LONDON,Shopping
Oct-19,21/10/2019,2.9,TFL TRAVEL CHARGE TFL.GOV.UK/CP,Transport
Oct-19,21/10/2019,2.9,TFL TRAVEL CHARGE TFL.GOV.UK/CP,Transport
Oct-19,22/10/2019,6.55,STARBUCKS TESCO LONDON,Eating Out
Oct-19,22/10/2019,5.8,TFL TRAVEL CHARGE TFL.GOV.UK/CP,Transport
Oct-19,22/10/2019,5.7,TFL TRAVEL CHARGE TFL.GOV.UK/CP,Transport
Oct-19,22/10/2019,3,WAITROSE CONVENIENCE NOTTINGHAM,Shopping
Oct-19,23/10/2019,-3.13,FORTNUM AND MASON.COM,Shopping
Oct-19,23/10/2019,5.8,TFL TRAVEL CHARGE TFL.GOV.UK/CP,Transport
Oct-19,24/10/2019,2.6,CAPITAL ONE,Eating Out
Oct-19,24/10/2019,3.35,CAPITAL ONE,Eating Out
Oct-19,24/10/2019,4.54,CAPITAL ONE,Eating Out
Oct-19,24/10/2019,2.9,TFL TRAVEL CHARGE TFL.GOV.UK/CP,Transport
Oct-19,24/10/2019,5.7,TFL TRAVEL CHARGE TFL.GOV.UK/CP,Transport
Oct-19,25/10/2019,1.77,CAPITAL ONE,Eating Out
Oct-19,25/10/2019,4.36,CAPITAL ONE,Eating Out
Oct-19,25/10/2019,4.38,3CPAYMENT*PRET A MANGER LONDON,Eating Out
Oct-19,25/10/2019,96.26,Holland And Barrett Burton Upon Tre,Shopping
Oct-19,25/10/2019,4.45,IZ *CHATIME UK LTD. LONDON,Eating Out
Oct-19,25/10/2019,2.2,MARKS & SPENCER-NEW CHA LONDON,Glossary
Oct-19,25/10/2019,64.5,ONE PLUS LONDON,Eating Out
Oct-19,25/10/2019,2.9,TFL TRAVEL CHARGE TFL.GOV.UK/CP,Transport
Oct-19,26/10/2019,4.99,3CPAYMENT*PRET A MANGER LONDON,Eating Out
Oct-19,26/10/2019,168.9,BOOTS.COM NOTTINGHAM UK NOTTINGHAM,Shopping
Oct-19,26/10/2019,47.35,MARKS & SPENCER - STRAT LONDON,Glossary
Oct-19,26/10/2019,8.65,POST OFFICE STRATFORD LONDON,Other
Oct-19,26/10/2019,20,STARBUCKS COFFEE COMPAN LONDON,Glossary
Oct-19,26/10/2019,214.4,UNIQLO EUROPE LTD. LONDON,Shopping
Oct-19,27/10/2019,28,ESTEE LAUDER COSMETICS LONDON,Shopping
Oct-19,28/10/2019,9,T4,Eating Out
Oct-19,28/10/2019,12.79,LOON FUNG LIMITED,Glossary
Oct-19,28/10/2019,6.9,STARBUCKS TESCO LONDON,Glossary
Oct-19,28/10/2019,2.9,TFL TRAVEL CHARGE TFL.GOV.UK/CP,Transport
Oct-19,28/10/2019,5.7,TFL TRAVEL CHARGE TFL.GOV.UK/CP,Transport
Oct-19,29/10/2019,3.52,CAPITAL ONE,Eating Out
Oct-19,29/10/2019,8.5,BOOTS THE CHEMIST NOTTINGHAM,Shopping
Oct-19,29/10/2019,2.9,TFL TRAVEL CHARGE TFL.GOV.UK/CP,Transport
Oct-19,30/10/2019,2.05,CAPITAL ONE,Eating Out
Oct-19,30/10/2019,3.7,CAPITAL ONE,Eating Out
Oct-19,30/10/2019,27.9,HUNGRYPANDA LTD,Eating Out
Oct-19,30/10/2019,5.7,TFL TRAVEL CHARGE TFL.GOV.UK/CP,Transport
Oct-19,30/10/2019,5.8,TFL TRAVEL CHARGE TFL.GOV.UK/CP,Transport
Oct-19,31/10/2019,2.32,CAPITAL ONE,Eating Out
Oct-19,31/10/2019,3.52,CAPITAL ONE,Eating Out
Oct-19,31/10/2019,2.9,TFL TRAVEL CHARGE TFL.GOV.UK/CP,Transport
Nov-19,01/11/2019,19.71,LOON FUNG LIMITED,Glossary
Nov-19,01/11/2019,16.82,SAINSBURYS SUPERMARKET LONDON,Glossary
Nov-19,01/11/2019,2.9,TFL TRAVEL CHARGE TFL.GOV.UK/CP,Transport
Nov-19,01/11/2019,9.99,eu.battle.net Velizy Villacou,Entertainment
Nov-19,01/11/2019,-99,BOOTS.COM NOTTINGHAM UK NOTTINGHAM,Shopping
Nov-19,01/11/2019,-442.45,HARRODS LTD Harrods Ltd LONDON,Shopping
Nov-19,01/11/2019,-59,LULULEMON ATHLETICA UK LONDON,Shopping
Nov-19,01/11/2019,-83.16,LOOKFANTASTIC.COM 01618131710,Shopping
Nov-19,01/11/2019,-311.85,LOOKFANTASTIC.COM 01618131710,Shopping
Nov-19,01/11/2019,-42.84,LOOKFANTASTIC.COM 01618131710,Shopping
Nov-19,01/11/2019,-54.81,LOOKFANTASTIC.COM 01618131710,Shopping
Nov-19,02/11/2019,249,APPLE STORE R245 R245 LONDON,Electronic Product
Nov-19,02/11/2019,26.49,ITUNES.COM/BILL HOLLYHILL,Entertainment
Nov-19,02/11/2019,30.1,LOTUS GARDEN LONDON,Eating Out
Nov-19,02/11/2019,57.48,MEALPAL.CO.UK EXETER,Eating Out
Nov-19,02/11/2019,11.9,SAINSBURYS SUPERMARKET LONDON,Glossary
Nov-19,03/11/2019,40,TAPAS REVOLUTION STRATFORD,Eating Out
Nov-19,03/11/2019,-34.9,UNIQLO LONDON,Shopping
Nov-19,04/11/2019,5.59,SUBWAY,Eating Out
Nov-19,04/11/2019,9.58,SUBWAY,Eating Out
Nov-19,04/11/2019,18.25,LOON FUNG LIMITED,Glossary
Nov-19,04/11/2019,6.55,STARBUCKS TESCO LONDON,Shopping
Nov-19,04/11/2019,2.9,TFL TRAVEL CHARGE TFL.GOV.UK/CP,Transport
Nov-19,04/11/2019,5.7,TFL TRAVEL CHARGE TFL.GOV.UK/CP,Transport
Nov-19,05/11/2019,3.52,CAPITAL ONE,Eating Out
Nov-19,05/11/2019,20,TRAMLINK NOTTINGHA,Transport
Nov-19,05/11/2019,2.9,TFL TRAVEL CHARGE TFL.GOV.UK/CP,Transport
Nov-19,06/11/2019,2.07,CAPITAL ONE,Eating Out
Nov-19,06/11/2019,3.69,CAPITAL ONE,Eating Out
Nov-19,06/11/2019,40.5,SEVENI BAR AND RESTAURA LONDON,Eating Out
Nov-19,06/11/2019,14.25,SHAKE SHACK LONDON,Eating Out
Nov-19,06/11/2019,5.7,TFL TRAVEL CHARGE TFL.GOV.UK/CP,Transport
Nov-19,07/11/2019,1.9,CAPITAL ONE,Eating Out
Nov-19,07/11/2019,21.53,H3G,Utility Bill
Nov-19,07/11/2019,1250,JINLEI ZHONG,Jinlei's Credit Card
Nov-19,07/11/2019,3.2,IZ *BLACK SHEEP COFFEE LONDON,Eating Out
Nov-19,07/11/2019,-30,MEALPAL.CO.UK EXETER,Eating Out
Nov-19,07/11/2019,-30,MEALPAL.CO.UK EXETER,Eating Out
Nov-19,07/11/2019,1,RITUAL-TOSSED (GRESHAM LONDON,Shopping
Nov-19,07/11/2019,2.9,TFL TRAVEL CHARGE TFL.GOV.UK/CP,Transport
Nov-19,08/11/2019,13.13,3CPAYMENT*PRET A MANGER LONDON,Eating Out
Nov-19,08/11/2019,2.9,TFL TRAVEL CHARGE TFL.GOV.UK/CP,Transport
Nov-19,08/11/2019,6.95,THE JAPANESE CANTEEN LONDON,Eating Out
Nov-19,09/11/2019,12.61,SAINSBURYS SUPERMARKET LONDON,Glossary
Nov-19,10/11/2019,30,LUL TICKET MACHINE-TOTT LONDON,Transport
Nov-19,11/11/2019,9,T4,Eating Out
Nov-19,11/11/2019,24.15,LOON FUNG LIMITED,Glossary
Nov-19,11/11/2019,50,INSITE ENERGY V/T,Utility Bill
Nov-19,11/11/2019,2.9,TFL TRAVEL CHARGE TFL.GOV.UK/CP,Transport
Nov-19,11/11/2019,2.9,TFL TRAVEL CHARGE TFL.GOV.UK/CP,Transport
Nov-19,12/11/2019,5.4,3CPAYMENT*PRET A MANGER LONDON,Eating Out
Nov-19,12/11/2019,2.45,RITUAL-CITY CAPHE (IRO LONDON,Eating Out
Nov-19,12/11/2019,2.9,TFL TRAVEL CHARGE TFL.GOV.UK/CP,Transport
Nov-19,12/11/2019,5.7,TFL TRAVEL CHARGE TFL.GOV.UK/CP,Transport
Nov-19,13/11/2019,3.52,CAPITAL ONE,Eating Out
Nov-19,13/11/2019,213,BEHOO EXPRESS LTD,RMB (Milk Powder)
Nov-19,13/11/2019,4.25,TESCO STORE 5660 5660TE NOTTINGHAM,Glossary
Nov-19,13/11/2019,2.9,TFL TRAVEL CHARGE TFL.GOV.UK/CP,Transport
Nov-19,14/11/2019,0.84,CAPITAL ONE,Eating Out
Nov-19,14/11/2019,3.35,CAPITAL ONE,Eating Out
Nov-19,14/11/2019,3.95,CANNON STREET LONDON,Eating Out
Nov-19,14/11/2019,11.5,SHAKE SHACK LONDON,Eating Out
Nov-19,14/11/2019,2.9,TFL TRAVEL CHARGE TFL.GOV.UK/CP,Transport
Nov-19,15/11/2019,3.65,CAPITAL ONE,Eating Out
Nov-19,15/11/2019,9.56,SAINSBURYS SUPERMARKET LONDON,Glossary
Nov-19,15/11/2019,2.9,TFL TRAVEL CHARGE TFL.GOV.UK/CP,Transport
Nov-19,15/11/2019,5.8,TFL TRAVEL CHARGE TFL.GOV.UK/CP,Transport
Nov-19,16/11/2019,16.8,CLINTON CARDS STRATFORD STRATFORD CITY,Shopping
Nov-19,16/11/2019,50,LUL TICKET MACHINE-STRA LONDON,Transport
Nov-19,16/11/2019,46.41,ROYAL CHINA LONDON,Eating Out
Nov-19,16/11/2019,5.31,SAINSBURYS SUPERMARKET LONDON,Glossary
Nov-19,16/11/2019,1.75,SAINSBURYS SUPERMARKET LONDON,Glossary
Nov-19,16/11/2019,25.5,THE WHITE COMPANY LONDON,Shopping
Nov-19,16/11/2019,42,VICTORIA'S SECRET STRAT LONDON,Shopping
Nov-19,17/11/2019,14.65,SAINSBURYS SUPERMARKET LONDON,Glossary
Nov-19,18/11/2019,8.9,THE OLD STREET CHI,Eating Out
Nov-19,18/11/2019,9,T4,Eating Out
Nov-19,18/11/2019,9.5,T4,Eating Out
Nov-19,18/11/2019,14.66,LOON FUNG LIMITED,Glossary
Nov-19,18/11/2019,16.89,LOON FUNG LIMITED,Glossary
Nov-19,18/11/2019,66,GREENWICH LEISURE,Gym & Sports
Nov-19,18/11/2019,2.9,TFL TRAVEL CHARGE TFL.GOV.UK/CP,Transport
Nov-19,18/11/2019,5.8,TFL TRAVEL CHARGE TFL.GOV.UK/CP,Transport
Nov-19,18/11/2019,228.54,W CONCEPT - ESHOPWORLD DUBLIN,Shopping
Nov-19,19/11/2019,5.64,3CPAYMENT*PRET A MANGER LONDON,Eating Out
Nov-19,19/11/2019,4.59,BOOTS THE CHEMIST LONDON,Shopping
Nov-19,19/11/2019,8,JOE AND THE JUICE WATLI LONDON,Eating Out
Nov-19,19/11/2019,4.5,TESCO STORE 5660 5660TE NOTTINGHAM,Glossary
Nov-19,19/11/2019,2.9,TFL TRAVEL CHARGE TFL.GOV.UK/CP,Transport
Nov-19,19/11/2019,5.7,TFL TRAVEL CHARGE TFL.GOV.UK/CP,Transport
Nov-19,20/11/2019,4.03,CAPITAL ONE,Eating Out
Nov-19,20/11/2019,6.2,SAINSBURYS SUPERMARKET LONDON,Glossary
Nov-19,20/11/2019,5.3,TFL TRAVEL CHARGE TFL.GOV.UK/CP,Transport
Nov-19,21/11/2019,3.35,CAPITAL ONE,Eating Out
Nov-19,21/11/2019,5.7,TFL TRAVEL CHARGE TFL.GOV.UK/CP,Transport
Nov-19,21/11/2019,5.8,TFL TRAVEL CHARGE TFL.GOV.UK/CP,Transport
Nov-19,22/11/2019,3.35,CAPITAL ONE,Eating Out
Nov-19,22/11/2019,18.8,MARKS & SPENCER - STRAT LONDON,Glossary
Nov-19,22/11/2019,10.05,SAINSBURYS SUPERMARKET LONDON,Glossary
Nov-19,22/11/2019,20,STARBUCKS COFFEE COMPAN LONDON,Eating Out
Nov-19,22/11/2019,5.8,TFL TRAVEL CHARGE TFL.GOV.UK/CP,Transport
Nov-19,22/11/2019,5.8,TFL TRAVEL CHARGE TFL.GOV.UK/CP,Transport
Nov-19,23/11/2019,54.96,AMZNMKTPLACE AMAZON.CO.UK,Shopping
Nov-19,23/11/2019,115.98,Holland And Barrett Burton Upon Tre,Shopping
Nov-19,23/11/2019,3.55,SAINSBURYS SUPERMARKET LONDON,Glossary
Nov-19,23/11/2019,5.3,SAINSBURYS SUPERMARKET LONDON,Glossary
Nov-19,24/11/2019,13.5,MARKS & SPENCER - STRAT LONDON,Glossary
Nov-19,25/11/2019,2.79,LOON FUNG LIMITED,Glossary
Nov-19,25/11/2019,7.93,LOON FUNG LIMITED,Glossary
Nov-19,25/11/2019,9,T4,Eating Out
Nov-19,25/11/2019,9,T4,Eating Out
Nov-19,25/11/2019,11.72,KFC - STRATFORD,Eating Out
Nov-19,25/11/2019,14.11,LOON FUNG LIMITED,Glossary
Nov-19,25/11/2019,61,BEHOO EXPRESS LTD,RMB (Milk Powder)
Nov-19,25/11/2019,8.24,3CPAYMENT*PRET A MANGER LONDON,Eating Out
Nov-19,25/11/2019,140.7,CHARLOTTE TILBURY BTY LONDON,Shopping
Nov-19,25/11/2019,523.8,ESHOP_SAMSONITE ARDOOIE,Shopping
Nov-19,25/11/2019,6.75,SAINSBURYS SUPERMARKET LONDON,Glossary
Nov-19,25/11/2019,2.9,TFL TRAVEL CHARGE TFL.GOV.UK/CP,Transport
Nov-19,25/11/2019,2.9,TFL TRAVEL CHARGE TFL.GOV.UK/CP,Transport
Nov-19,26/11/2019,9.76,LOON FUNG LIMITED,Glossary
Nov-19,26/11/2019,5.8,TFL TRAVEL CHARGE TFL.GOV.UK/CP,Transport
Nov-19,26/11/2019,5.7,TFL TRAVEL CHARGE TFL.GOV.UK/CP,Transport
Nov-19,27/11/2019,0.44,OLIVE CATERING SER,Eating Out
Nov-19,27/11/2019,3.35,CAPITAL ONE,Eating Out
Nov-19,27/11/2019,124.8,CLARINS (UK) Clarins (U LONDON,Shopping
Nov-19,27/11/2019,135.3,Holland And Barrett Burton Upon Tre,Shopping
Nov-19,27/11/2019,231.58,LOOKFANTASTIC.COM 01618131710,Shopping
Nov-19,27/11/2019,210,LULULEMON ATHLETICA UK LONDON,Shopping
Nov-19,27/11/2019,4.25,SAINSBURYS SUPERMARKET LONDON,Glossary
Nov-19,27/11/2019,4.2,TESCO STORE 5660 5660TE NOTTINGHAM,Glossary
Nov-19,28/11/2019,3.69,CAPITAL ONE,Eating Out
Nov-19,28/11/2019,355,ESTEE LAUDER COSMETICS FAREHAM,Shopping
Nov-19,28/11/2019,442.45,HARRODS LTD Harrods Ltd LONDON,Shopping
Nov-19,28/11/2019,492.66,LOOKFANTASTIC.COM 01618131710,Shopping
Nov-19,28/11/2019,8.95,SAINSBURYS SUPERMARKET LONDON,Glossary
Nov-19,28/11/2019,1.75,SAINSBURYS SUPERMARKET LONDON,Glossary
Nov-19,28/11/2019,5.7,TFL TRAVEL CHARGE TFL.GOV.UK/CP,Transport
Nov-19,28/11/2019,78.3,UNIQLO EUROPE LTD. LONDON,Shopping
Nov-19,29/11/2019,2.2,VAT & FIDDLE,Other
Nov-19,29/11/2019,2.4,MALTY CROSS LTD,Eating Out
Nov-19,29/11/2019,4.49,3CPAYMENT*PRET A MANGER LONDON,Eating Out
Nov-19,29/11/2019,198,BOOTS.COM NOTTINGHAM UK NOTTINGHAM,Shopping
Nov-19,29/11/2019,844.31,LOOKFANTASTIC.COM 01618131710,Shopping
Nov-19,29/11/2019,5.28,MCDONALD'S STARTFORD TH LONDON,Eating Out
Nov-19,29/11/2019,127.36,NIKESTORE.COM HILVERSUM,Shopping
Nov-19,29/11/2019,11.6,SAINSBURYS SUPERMARKET LONDON,Glossary
Nov-19,29/11/2019,5.28,STARBUCKS COFFEE COMPAN LONDON,Eating Out
Nov-19,29/11/2019,2.8,STARBUCKS COFFEE COMPAN LONDON,Eating Out
Nov-19,30/11/2019,179.98,BOOTS.COM NOTTINGHAM UK NOTTINGHAM,Shopping
Nov-19,30/11/2019,24,JOHN LEWIS AT HOME LONDON,Shopping
Nov-19,30/11/2019,55.98,LOOKFANTASTIC.COM 01618131710,Shopping
Nov-19,30/11/2019,40,LOOKFANTASTIC.COM 01618131710,Shopping
Nov-19,30/11/2019,4.62,SAINSBURYS SUPERMARKET LONDON,Glossary
Nov-19,30/11/2019,120.4,SHISEIDO UK LTD LONDON,Shopping
Dec-19,01/12/2019,5.5,MARKS & SPENCER - STRAT LONDON,Glossary
Dec-19,02/12/2019,6.15,KFC - STRATFORD -,Eating Out
Dec-19,02/12/2019,9,T4,Eating Out
Dec-19,02/12/2019,13.5,T4,Eating Out
Dec-19,02/12/2019,15.73,LOON FUNG LIMITED,Glossary
Dec-19,02/12/2019,21.3,LOON FUNG LIMITED,Glossary
Dec-19,02/12/2019,114.26,E.ON ENERGY SOLUTI,Utility Bill
Dec-19,02/12/2019,57.48,MEALPAL.CO.UK EXETER,Eating Out
Dec-19,02/12/2019,5.05,SAINSBURYS SUPERMARKET LONDON,Glossary
Dec-19,02/12/2019,5.3,TFL TRAVEL CHARGE TFL.GOV.UK/CP,Transport
Dec-19,03/12/2019,4.9,STARBUCKS TESCO LONDON,Eating Out
Dec-19,03/12/2019,5.8,TFL TRAVEL CHARGE TFL.GOV.UK/CP,Transport
Dec-19,03/12/2019,5.7,TFL TRAVEL CHARGE TFL.GOV.UK/CP,Transport
Dec-19,04/12/2019,3.52,CAPITAL ONE,Eating Out
Dec-19,04/12/2019,4,TESCO STORE 5660 5660TE NOTTINGHAM,Glossary
Dec-19,04/12/2019,2.9,TFL TRAVEL CHARGE TFL.GOV.UK/CP,Transport
Dec-19,05/12/2019,0.58,OLIVE CATERING SER,Eating Out
Dec-19,05/12/2019,3.35,CAPITAL ONE,Eating Out
Dec-19,05/12/2019,5.8,TFL TRAVEL CHARGE TFL.GOV.UK/CP,Transport
Dec-19,05/12/2019,5.7,TFL TRAVEL CHARGE TFL.GOV.UK/CP,Transport
Dec-19,06/12/2019,213,BEHOO EXPRESS LTD,RMB (Milk Powder)
Dec-19,06/12/2019,23.45,FORTNUM AND MASON PLC LONDON,Shopping
Dec-19,06/12/2019,6.45,SAINSBURYS SUPERMARKET LONDON,Glossary
Dec-19,06/12/2019,5.8,TFL TRAVEL CHARGE TFL.GOV.UK/CP,Transport
Dec-19,06/12/2019,5.8,TFL TRAVEL CHARGE TFL.GOV.UK/CP,Transport
Dec-19,07/12/2019,9.99,BLIZZARD ENTERTAINMENT* VERSAILLES,Entertainment
Dec-19,07/12/2019,21.5,FRESH LONDON,Eating Out
Dec-19,07/12/2019,345.45,HARRODS LTD Harrods Ltd LONDON,Shopping
Dec-19,07/12/2019,2.1,IZ *AMBER FOODS PLUS LI BARKING,Eating Out
Dec-19,07/12/2019,5.35,IZ *KISSATEN LONDON,Eating Out
Dec-19,07/12/2019,30,LUL TICKET MACHINE-HOLB LONDON,Transport
Dec-19,07/12/2019,44.97,ORIENT LONDON LONDON,Eating Out
Dec-19,07/12/2019,94.82,RYOHIN KEIKAKU EUROPE L LONDON,Shopping
Dec-19,07/12/2019,469.5,UNIQLO LONDON,Shopping
Dec-19,07/12/2019,77,YNAP SPA Karl Lagerfeld Zola Predosa,Shopping
Dec-19,08/12/2019,20.55,GOLDEN PHOENIX LONDON,Eating Out
Dec-19,08/12/2019,20,STARBUCKS COFFEE COMPAN LONDON,Glossary
Dec-19,09/12/2019,2.74,LOON FUNG LIMITED,Glossary
Dec-19,09/12/2019,6.15,LOON FUNG LIMITED,Glossary
Dec-19,09/12/2019,21.53,H3G,Utility Bill
Dec-19,09/12/2019,40,LNK EUROCHANGE CHA,Cash Out
Dec-19,09/12/2019,5,SAINSBURYS SUPERMARKET LONDON,Glossary
Dec-19,09/12/2019,2.9,TFL TRAVEL CHARGE TFL.GOV.UK/CP,Transport
Dec-19,09/12/2019,5.8,TFL TRAVEL CHARGE TFL.GOV.UK/CP,Transport
Dec-19,10/12/2019,3.28,3CPAYMENT*PRET A MANGER LONDON,Eating Out
Dec-19,10/12/2019,3.05,STARBUCKS TESCO LONDON,Eating Out
Dec-19,10/12/2019,5.3,TFL TRAVEL CHARGE TFL.GOV.UK/CP,Transport
Dec-19,10/12/2019,5.7,TFL TRAVEL CHARGE TFL.GOV.UK/CP,Transport
Dec-19,11/12/2019,0.58,OLIVE CATERING SER,Eating Out
Dec-19,11/12/2019,3.69,CAPITAL ONE,Eating Out
Dec-19,11/12/2019,28.13,HAZ RESTAURANT LONDON,Eating Out
Dec-19,11/12/2019,2.9,TFL TRAVEL CHARGE TFL.GOV.UK/CP,Transport
Dec-19,12/12/2019,3.35,CAPITAL ONE,Eating Out
Dec-19,12/12/2019,2.9,TFL TRAVEL CHARGE TFL.GOV.UK/CP,Transport
Dec-19,12/12/2019,5.7,TFL TRAVEL CHARGE TFL.GOV.UK/CP,Transport
Dec-19,13/12/2019,4.31,CAPITAL ONE,Eating Out
Dec-19,13/12/2019,12.63,3CPAYMENT*PRET A MANGER LONDON,Eating Out
Dec-19,13/12/2019,50.27,BOOTS.COM NOTTINGHAM UK NOTTINGHAM,Shopping
Dec-19,13/12/2019,5.3,TFL TRAVEL CHARGE TFL.GOV.UK/CP,Transport
Dec-19,14/12/2019,17.8,MARKS & SPENCER - STRAT LONDON,Glossary
Dec-19,14/12/2019,22.52,UBER BV HELP.UBER.COM,Transport
Dec-19,14/12/2019,89.9,UNIQLO LONDON,Shopping
Dec-19,15/12/2019,11.57,3CPAYMENT*PRET A MANGER LONDON,Eating Out
Dec-19,15/12/2019,20,HOLLAND & BARRETT STRAT LONDON,Shopping
Dec-19,15/12/2019,15.19,KINDLE SVCS*8D13O4SV5 353-12477661,Other
Dec-19,15/12/2019,6.5,MARKS & SPENCER - STRAT LONDON,Glossary
Dec-19,15/12/2019,10.79,SAINSBURYS SUPERMARKET LONDON,Glossary
Dec-19,16/12/2019,9,T4,Eating Out
Dec-19,16/12/2019,15.12,LOON FUNG LIMITED,Glossary
Dec-19,16/12/2019,27.16,LOON FUNG LIMITED,Glossary
Dec-19,16/12/2019,5.8,TFL TRAVEL CHARGE TFL.GOV.UK/CP,Transport
Dec-19,16/12/2019,2.9,TFL TRAVEL CHARGE TFL.GOV.UK/CP,Transport
Dec-19,17/12/2019,66,GREENWICH LEISURE,Gym & Sports
Dec-19,17/12/2019,3.99,3CPAYMENT*PRET A MANGER LONDON,Eating Out
Dec-19,17/12/2019,3,IZ *ROSSLYN COFFEE LONDON,Eating Out
Dec-19,17/12/2019,5.8,TFL TRAVEL CHARGE TFL.GOV.UK/CP,Transport
Dec-19,17/12/2019,5.7,TFL TRAVEL CHARGE TFL.GOV.UK/CP,Transport
Dec-19,17/12/2019,5.5,WAITROSE CONVENIENCE NOTTINGHAM,Glossary
Dec-19,18/12/2019,0.58,OLIVE CATERING SER,Eating Out
Dec-19,18/12/2019,0.72,OLIVE CATERING SER,Eating Out
Dec-19,18/12/2019,3.35,CAPITAL ONE,Eating Out
Dec-19,18/12/2019,6.9,IZ *V69 LTD LONDON,Glossary
Dec-19,18/12/2019,5.8,TFL TRAVEL CHARGE TFL.GOV.UK/CP,Transport
Dec-19,19/12/2019,1.56,CAPITAL ONE,Eating Out
Dec-19,19/12/2019,3.35,CAPITAL ONE,Eating Out
Dec-19,19/12/2019,2.9,TFL TRAVEL CHARGE TFL.GOV.UK/CP,Transport
Dec-19,19/12/2019,5.7,TFL TRAVEL CHARGE TFL.GOV.UK/CP,Transport
Dec-19,20/12/2019,1.84,CAPITAL ONE,Eating Out
Dec-19,20/12/2019,3.35,CAPITAL ONE,Eating Out
Dec-19,20/12/2019,4.98,KFC - STRATFORD -,Eating Out
Dec-19,20/12/2019,149,BEHOO EXPRESS LTD,RMB (Milk Powder)
Dec-19,20/12/2019,3.69,3CPAYMENT*PRET A MANGER LONDON,Eating Out
Dec-19,20/12/2019,12.5,SAINSBURYS SUPERMARKET LONDON,Glossary
Dec-19,20/12/2019,2.75,SAINSBURYS SUPERMARKET LONDON,Glossary
Dec-19,20/12/2019,5.8,TFL TRAVEL CHARGE TFL.GOV.UK/CP,Transport
Dec-19,21/12/2019,48.3,COS KINGS CROSS KINGS CROSS,Shopping
Dec-19,21/12/2019,94.5,COS STRATFORD GB0530 LONDON,Shopping
Dec-19,21/12/2019,46.01,GRANGER & CO LONDON,Eating Out
Dec-19,22/12/2019,10.94,SAINSBURYS SUPERMARKET LONDON,Glossary
Dec-19,23/12/2019,8.5,T4,Eating Out
Dec-19,23/12/2019,9.39,LOON FUNG LIMITED,Glossary
Dec-19,23/12/2019,20.01,LOON FUNG LIMITED,Glossary
Dec-19,23/12/2019,8.24,3CPAYMENT*PRET A MANGER LONDON,Eating Out
Dec-19,23/12/2019,5.8,TFL TRAVEL CHARGE TFL.GOV.UK/CP,Transport
Dec-19,24/12/2019,7.34,LOON FUNG LIMITED,Glossary
Dec-19,24/12/2019,50,INSITE ENERGY V/T,Utility Bill
Dec-19,24/12/2019,61,BEHOO EXPRESS LTD,RMB (Milk Powder)
Dec-19,24/12/2019,225,RENDALL & RITTNER,Property
Dec-19,24/12/2019,1487.12,RENDALL & RITTNER,Property
Dec-19,24/12/2019,144.65,LHR T2A WDF MAIN HT2 MA HOUNSLOW,Shopping
Dec-19,24/12/2019,30,LUL TICKET MACHINE-STRA LONDON,Transport
Dec-19,24/12/2019,37.69,THE PERFECTIONIST CAFE HOUNSLOW,Eating Out
